﻿"Key","Item Type","Publication Year","Author","Title","Publication Title","ISBN","ISSN","DOI","Url","Abstract Note","Date","Date Added","Date Modified","Access Date","Pages","Num Pages","Issue","Volume","Number Of Volumes","Journal Abbreviation","Short Title","Series","Series Number","Series Text","Series Title","Publisher","Place","Language","Rights","Type","Archive","Archive Location","Library Catalog","Call Number","Extra","Notes","File Attachments","Link Attachments","Manual Tags","Automatic Tags","Editor","Series Editor","Translator","Contributor","Attorney Agent","Book Author","Cast Member","Commenter","Composer","Cosponsor","Counsel","Interviewer","Producer","Recipient","Reviewed Author","Scriptwriter","Words By","Guest","Number","Edition","Running Time","Scale","Medium","Artwork Size","Filing Date","Application Number","Assignee","Issuing Authority","Country","Meeting Name","Conference Name","Court","References","Reporter","Legal Status","Priority Numbers","Programming Language","Version","System","Code","Code Number","Section","Session","Committee","History","Legislative Body"
"B3C3S8Z4","journalArticle","2014","Grunspan, Daniel Z.; Wiggins, Benjamin L.; Goodreau, Steven M.","Understanding Classrooms through Social Network Analysis: A Primer for Social Network Analysis in Education Research","CBE-Life Sciences Education","",", 1931-7913","10.1187/cbe.13-08-0162","http://www.lifescied.org/content/13/2/167","Social interactions between students are a major and underexplored part of undergraduate education. Understanding how learning relationships form in undergraduate classrooms, as well as the impacts these relationships have on learning outcomes, can inform educators in unique ways and improve educational reform. Social network analysis (SNA) provides the necessary tool kit for investigating questions involving relational data. We introduce basic concepts in SNA, along with methods for data collection, data processing, and data analysis, using a previously collected example study on an undergraduate biology classroom as a tutorial. We conduct descriptive analyses of the structure of the network of costudying relationships. We explore generative processes that create observed study networks between students and also test for an association between network position and success on exams. We also cover practical issues, such as the unique aspects of human subjects review for network studies. Our aims are to convince readers that using SNA in classroom environments allows rich and informative analyses to take place and to provide some initial tools for doing so, in the process inspiring future educational studies incorporating relational data.","2014-06-20","2019-09-17 21:46:01","2019-09-17 21:46:01","2014-08-20 20:21:46","167-178","","2","13","","CBE Life Sci Educ","Understanding Classrooms through Social Network Analysis","","","","","","","en","","","","","www.lifescied.org","","","","","http://www.lifescied.org/content/13/2/167","Week 2","","","","","","","","","","","","","","","","","","","","","","","","","","","","","","","","","","","","","","","","","","","","","","",""
"TICVWV9D","webpage","2015","RStudio","The Data Wrangling Cheatsheet","","","","","http://www.rstudio.com/wp-content/uploads/2015/02/data-wrangling-cheatsheet.pdf","","2015-01","2019-09-17 21:46:02","2019-09-17 21:46:02","2016-01-18 18:42:27","","","","","","","","","","","","","","","","","","","","","","<p>Very Very useful. I referred back to this cheat sheet plenty of times in this semester.</p>","","http://www.rstudio.com/wp-content/uploads/2015/02/data-wrangling-cheatsheet.pdf","","","","","","","","","","","","","","","","","","","","","","","","","","","","","","","","","","","","","","","","","","","","","","","",""
"WYJ7KI5R","bookSection","2017","Klerkx, Joris; Verbert, Katrien; Duval, Erik","Learning Analytics Dashboards","The Handbook of Learning Analytics","978-0-9952408-0-3","","","www.solaresearch.org","","2017","2019-09-17 21:46:03","2019-09-17 21:46:03","","","","","","","","","","","","","","Vancouver, BC, Canada","EN","","","","","","","","","","","","","","","","","","","","","","","","","","","","","","","","1","","","","","","","","","","","","","","","","","","","","","","","","","",""
"N5GEE5RG","journalArticle","1984","Wainer, H","How to display data badly","The American Statistician","","","","","","1984","2019-09-17 21:46:03","2019-09-17 21:46:03","","137-147","","2","38","","","","","","","","","","","","","","","","","","<p>It's not on the syllabus nor the link could direct to this article.</p>","","","","","","","","","","","","","","","","","","","","","","","","","","","","","","","","","","","","","","","","","","","","","","","","","",""
"6HAD6B33","bookSection","2017","Bergner, Yoav","Measurement and its Uses in Learning Analytics","The Handbook of Learning Analytics","978-0-9952408-0-3","","","http://solaresearch.org/hla-17/hla17-chapter1","Psychological measurement is a process for making warranted claims about states of mind. As such, it typically comprises the following: de ning a construct; specifying a measurement model and (developing) a reliable instrument; analyzing and accounting for various sources of error (including operator error); and framing a valid argument for particular uses of the outcome. Measurement of latent variables is, after all, a noisy endeavor that can neverthe- less have high-stakes consequences for individuals and groups. This chapter is intended to serve as an introduction to educational and psychological measurement for practitioners in learning analytics and educational data mining. It is organized thematically rather than historically, from more conceptual material about constructs, instruments, and sources of measurement error toward increasing technical detail about particular measurement models and their uses. Some of the philosophical differences between explanatory and predictive modelling are explored toward the end.","2017","2019-09-17 22:01:10","2019-09-17 22:01:10","","34-48","","","","","","","","","","","Society for Learning Analytics Research (SoLAR)","Alberta, Canada","","","","","","","","","<p>The use of learning analytics tools is always aligned with assessment regimes, which are in turn grounded in epistemological assumptions and pedagogical practices. </p> <p>The Espistemology-Assessment-Pedagogy Traid and EPA provocations to provide actionable guidance for those developing learning analytics approaches and tools.</p> <p>Epistemology — What Are We Measuring? &amp; How are we measuring?</p> <p>We should keep in mind that what ""knowledge"" looks like within the analytic approach being developed, asking, What are we trying to measure?</p> <p>Pedagogy — Why is this Knowledge Important to Us?/Who is assessment/analytic for?</p> <p>We should consider who the target of the device is, whether it supports teachers, parents, students, or administrators in understanding some aspect of learning.</p> <p>Assessment — Where Does the Assessment Happen?</p> <p>When Does the Assessment, and Feedback, Occur?</p> <p> </p> <p> </p>","","","","","Lang, Charles; Siemens, George; Wise, Alyssa Friend; Gaševic, Dragan","","","","","","","","","","","","","","","","","","","1","","","","","","","","","","","","","","","","","","","","","","","","","",""
"74VXAVV3","bookSection","2017","Prinsloo, Paul; Slade, Sharon","Ethics and Learning Analytics: Charting the (Un)Charted","The Handbook of Learning Analytics","978-0-9952408-0-3","","","http://solaresearch.org/hla-17/hla17-chapter1","As the field of learning analytics matures, and discourses surrounding the scope, de nition, challenges, and opportunities of learning analytics become more nuanced, there is bene t both in reviewing how far we have come in considering associated ethical issues and in looking ahead. This chapter provides an overview of how our own thinking has developed and maps our journey against broader developments in the  eld. Against a backdrop of technological advances and increasing concerns around pervasive surveillance and the role and unintended consequences of algorithms, the development of research in learning analytics as an ethical and moral practice provides a rich picture of fears and realities. More importantly, we begin to see ethics and privacy as crucial enablers within learning analytics. The chapter brie y locates ethics in learning analytics in the broader context of the forces shaping higher education and the roles of data and evidence before tracking our personal research journey, highlighting current work in the  eld, and concluding by mapping future issues for consideration.","2017","2019-09-17 22:01:10","2019-09-17 22:01:10","","49-57","","","","","","","","","","","Society for Learning Analytics Research (SoLAR)","Alberta, Canada","","","","","","","","","<p>Learning analytics bring great benefits for education, however, it also come up with associated ethical issues.</p> <p>Benefits includes:</p> <p>-quality assurance and quality improvement</p> <p>-boosting retention rates</p> <p>-assessing and acting upon differential outcome</p> <p>-develop adaptive learning</p> <p>Although considerations of the ethical implications of learning analytics procedures, some ethical issue may be be raised:</p> <p>-data-proxy-induced hardship that disadvantage the embodied referent</p> <p>-conflict interests and claims of a range of stakeholders, such as students and institutions.</p> <p>Ethical issue may be raised during the process of</p> <p>-the location and interpretation of data</p> <p>-informed consent, privacy and de-identification of data</p> <p>-the management, classification and storage of data</p> <p>Six principle of the policy framework about students' data protection:</p> <p>-Learning analytics as moral practice</p> <p>-Students as agents</p> <p>-Student identity and performance as temporal dynamic constructs</p> <p>-Student success as a compley,multidimensional phenomenon</p> <p>-Transparency as important</p> <p>-Higher education cannot afford not to use data</p> <p>Six principle of student-centered learning analytics:</p> <p>-Use of aggregated, non-personalized data, students should be able to make informed opt in/out decisions</p> <p>-have full knowledge of which data is being collected and how it is used</p> <p>-personal data records are complete and up to data</p> <p>-surveillance of activities and the harvesting of data must not harm student progress</p> <p>-Algorithmic output should be subject to human review, and corrected if needed</p> <p>-provides context and time-specific, provisional incomplete pictures of students, and algorithms should be frequently reviewed and validated.</p> <p>Four principles guide for LA</p> <p>-personal information be used only in the context and purpose for it was provided</p> <p>-subsequent use of data should be reconcilable with the original context and purpose</p> <p>-data should be carefully collected and analyzed</p> <p>-data may be collected when the purpose/use of the collected data is made explicitly clear</p> <p>Question: How to provide adaptive learning and personalized assistance if use aggregated, non-personalized data?</p> <p> </p> <p> </p> <p> </p> <p> </p> <p> </p>","","","","","Lang, Charles; Siemens, George; Wise, Alyssa Friend; Gaševic, Dragan","","","","","","","","","","","","","","","","","","","1","","","","","","","","","","","","","","","","","","","","","","","","","",""
"M9X5R4VT","bookSection","2017","Brooks, Christopher; Thompson, Craig","Predictive Modelling in Teaching and Learning","The Handbook of Learning Analytics","978-0-9952408-0-3","","","http://solaresearch.org/hla-17/hla17-chapter1","This article describes the process, practice, and challenges of using predictive modelling in teaching and learning. In both the  elds of educational data mining (EDM) and learning analytics (LA) predictive modelling has become a core practice of researchers, largely with a focus on predicting student success as operationalized by academic achievement. In this chapter, we provide a general overview of considerations when using predictive modelling, the steps that an educational data scientist must consider when engaging in the process, and a brief overview of the most popular techniques in the  eld.","2017","2019-09-17 22:01:10","2019-09-17 22:01:10","","61-68","","","","","","","","","","","Society for Learning Analytics Research (SoLAR)","Alberta, Canada","","","","","","","","","<p>Predictive modelling has become a core practice in both education data mining and learning analytics to predict student success as operationalized by academic achievement.</p> <p><span style=""color: #ff0000;"">predictive analysis in education:</span></p> <p>1) measurement of learning</p> <p>2) teaching</p> <p>3) proxy metrics of value for administrations</p> <p><span style=""color: #ff0000;"">Before analyzing,</span></p> <p>-we need to make sure the sample represents the general population with minimum bias.</p> <p>-We need to generate accurate scenarios.</p> <p>Several factors make predictive modelling more difficult, including</p> <p>-sparse and noisy data</p> <p>-inference produced by predictive models may be involved in ethical or equitable issues</p> <p>Q: For the missing data, if the sample size is large, should we just delete the missing data?</p> <p>For the noisy data, is their a way to pre-scan the data quality?</p> <p><span style=""color: #ff0000;"">During analyzing:</span></p> <p>-identify the variables</p> <p>-multiple models created to predict same outcome</p> <p>-event-data is increasing important nowadays. It is complex data and request Feature engineering.</p> <p>Q: Gender, SES status, race as variables might cause bias, how to minimize the prediction model bias? Multiple models to predict the same variable is a great way, are there any other way?</p> <p><span style=""color: #ff0000;"">Things need to be pay attention:</span></p> <p>-remove highly correlated attributes otherwise it will cause over-emphasis on the repeated or correlated features.</p> <p>-deal with missing data, either remove or fill it in records by finding other similar records</p> <p>-choice appropriate learning algorithm</p> <p><span style=""color: #ff0000;"">9 most commonly used algorithm in education data:</span></p> <p>1. Liner Regression</p> <p>2.Logistic Regression</p> <p>3. Nearest Neighbours Classifiers</p> <p>4. Decision Trees</p> <p>5. Naive Bayes Classifiers</p> <p>6. Bayesian Networks</p> <p>7. Support Vector Machines</p> <p>8. Neural Networks</p> <p>9. Ensemble Methods</p> <p><span style=""color: #ff0000;"">Assess the quality of models：</span></p> <p>-k-fold cross validation</p> <p>-used the same manner as will be used in situ</p> <p>* The context of Learning analytics is highly interdisciplinary and requires not only computer scientist but also highly depends on experienced educator, psychologist and policy expert. Educational experience is important!! (Which I have 😁）</p> <p> </p> <p> </p> <p> </p> <p> </p> <p> </p> <p> </p> <p> </p> <p> </p> <p> </p> <p> </p>","","","","","Lang, Charles; Siemens, George; Wise, Alyssa Friend; Gaševic, Dragan","","","","","","","","","","","","","","","","","","","1","","","","","","","","","","","","","","","","","","","","","","","","","",""
"KZ8Q4IHS","bookSection","2017","Liu, Ren; Koedinger, Kenneth","Going Beyond Better Data Prediction to Create Explanatory Models of Educational Data","The Handbook of Learning Analytics","978-0-9952408-0-3","","","http://solaresearch.org/hla-17/hla17-chapter1","In the statistical modelling of educational data, approaches vary depending on whether the goal is to build a predictive or an explanatory model. Predictive models aim to  nd a combination of features that best predict outcomes; they are typically assessed by their accuracy in predicting held-out data. Explanatory models seek to identify interpretable causal relationships between constructs that can be either observed or inferred from the data. The vast majority of educational data mining research has focused on achieving pre- dictive accuracy, but we argue that the  eld could bene t from more focus on developing explanatory models. We review examples of educational data mining efforts that have pro- duced explanatory models and led to improvements to learning outcomes and/or learning theory. We also summarize some of the common characteristics of explanatory models, such as having parameters that map to interpretable constructs, having fewer parameters overall, and involving human input early in the model development process.","2017","2019-09-17 22:01:10","2019-09-17 22:01:10","","69-76","","","","","","","","","","","Society for Learning Analytics Research (SoLAR)","Alberta, Canada","","","","","","","","","<p>Two statistical modelling of educational data: Explanatory model and predictive models. </p> <p>Predictive model: predict outcomes</p> <p>Explanatory model:identify interpretable causal relationships between constructs that can be either observed or inferred from the data. Although vast majority of researches focus on achieving predictive accuracy, developing explanatory models might benefits more about improve students learning outcomes.</p> <p><span style=""color: #ff0000;"">Cognitive model：</span></p> <p><span style=""color: #000000;"">They map knowledge component to problem steps or tasks on which student performance can be observed. They are important basis for the instructional design of automated tutors and improving the accuracy assessment of learning and knowledge.</span></p> <p><span style=""color: #000000;"">KC models (Q matrix) driving adaptive learning, and creation of new tasks to target the new skills. KC models refinement can result in instructional modifications and improved learning outcomes.</span></p> <p><span style=""color: #000000;"">Why explanatory models:</span></p> <p><span style=""color: #000000;"">1. Start with ""clean"" independent variables that have either simple functions or map to clearly defined constructs.</span></p> <p><span style=""color: #000000;"">2. Dependent variable maps to a well-defined construct.</span></p> <p><span style=""color: #000000;"">3. Be characterized by fewer estimated parameters.</span></p> <p><span style=""color: #000000;"">Q：Does explanatory model have less biased comparing to predictive model because it basic descriptive analysis and tell about the truth.</span></p> <p> </p>","","","","","Lang, Charles; Siemens, George; Wise, Alyssa Friend; Gaševic, Dragan","","","","","","","","","","","","","","","","","","","1","","","","","","","","","","","","","","","","","","","","","","","","","",""
"RUDPFSGJ","journalArticle","2011","Gelman, A; Niemi, J","Statistical graphics: making information clear – and beautiful","Significance","","","","","","2011-09","2019-09-17 22:01:11","2019-09-17 22:01:11","","134-136","","","","","","","","","","","","","","","","","","","","","<p>""There’s concern that investment in personalised learning may be a boost for Silicon Valley but a kick in the teeth for teachers."" Why?</p> <p>1. Education has always been about acquiring knowledge and skills relevant to a profession, but also about acquiring general knowledge.</p> <p>2. While learners may cope poorly with trying to learn in a way that’s not suited to them, in the real world life will not always be so accommodating. Their lack of ability to compensate may mean they suffer as a result.</p> <p>3. Children’s preferences are not fixed – in fact they often change as immediate responses to the environment.</p> <p>I partially disagree with author's opinion about personalized learning. I do not think personalized learning is feeding children only the content they are interested in, however, it helps children learn everything they needed in the future in the way that they are good at. It is commonly known that there are auditory, visual and kinesthetic type of learners. Providing personalized learning could maximize their learning efficiency. Also, for the topic that children do not like, adaptive learning style is helpful to motivate students.</p> <p>I do agree with author's opinion that personalized learning combined with emotional analytics, personal inquiry, dynamic and stealth assessment and it is something that takes time, conversation and collaboration, could not be done just by simply pouring millions of dollars into technology.</p>","","","","","","","","","","","","","","","","","","","","","","","","","","","","","","","","","","","","","","","","","","","","","","","","","",""
"M7EYUM42","journalArticle","2012","Gelman, A; Unwin, A","Infovis and Statistical Graphics: Different Goals, Different Looks (with discussion)","","","","","","","2012","2019-09-17 22:01:11","2019-09-17 22:01:11","","","","","","","","","","","","","","","","","","","","","","","<p>-Try not to cram into a single graph what can be better displayed in two or more.</p> <p>I've read Tufte's book, <em>The Visual Display of Quantitative Information</em>. It's an useful and interesting book talking about how to make effective and informative graph. Recommended everyone to read it.</p> <p>Why visual display important for data analysis?</p> <p>- Graphics are for the qualitative/descriptive</p> <p>-Graphics are for comparison</p> <p>-Graphics are for impact</p> <p>-Graphics should report the results of careful data analysis</p> <p>Statistical data visualization: not focused on visual appeal but on facilitation an understanding of patterns in an applied problem.</p> <p>Infographics: attractive, encourage the viewer to think about a particular dataset. Both important, different perspectives.</p> <p> </p> <p> </p>","","","","","","","","","","","","","","","","","","","","","","","","","","","","","","","","","","","","","","","","","","","","","","","","","",""
"27SYDA3I","blogPost","2014","Fung, K","Junkcharts Trifecta Checkup: The Definitive Guide","Junkcharts","","","","http://junkcharts.typepad.com/junk_charts/junk-charts-trifecta-checkup-the-definitive-guide.html","","2014","2019-09-17 22:01:11","2019-09-17 22:01:11","","","","","","","","","","","","","","","","","Blog","","","","","","<p>The Junk Charts Trifecta Checkup is a general framework for data visualization criticism.</p> <p>Three essential questions to keep in mind:</p> <ul> <li>What is the QUESTION?</li> <li>What does the DATA say?</li> <li>What does the VISUAL say？</li> </ul> <p>How to make worthy data visualization?</p> <p>The Data should be relevant to the Question being addressed</p> <p>The Visual elements should represent the Data in a clear, concise manner, addressing the Question directly. </p> <p>Tufte's Book again! Highly recommend this book! Make trifecta graph!!</p> <p> </p>","","","","","","","","","","","","","","","","","","","","","","","","","","","","","","","","","","","","","","","","","","","","","","","","","",""
"33J7UNMK","journalArticle","2010","Bowers, Alex J.","Analyzing the Longitudinal K-12 Grading Histories of Entire Cohorts of Students: Grades, Data Driven Decision Making, Dropping out and Hierarchical Cluster Analysis","Practical Assessment, Research & Evaluation","","1531-7714","","","School personnel currently lack an effective method to pattern and visually interpret disaggregated achievement data collected on students as a means to help inform decision making. This study, through the examination of longitudinal K-12 teacher assigned grading histories for entire cohorts of students from a school district (n=188), demonstrates a novel application of hierarchical cluster analysis and pattern visualization in which all data points collected on every student in a cohort can be patterned, visualized and interpreted to aid in data driven decision making by teachers and administrators. Additionally, as a proof-of-concept study, overall schooling outcomes, such as student dropout or taking a college entrance exam, are identified from the data patterns and compared to past methods of dropout identification as one example of the usefulness of the method. Hierarchical cluster analysis correctly identified over 80% of the students who dropped out using the entire student grade history patterns from either K-12 or K-8. (Contains 5 figures.)","2010-05","2019-09-17 22:01:11","2019-09-17 22:01:11","2014-09-24 19:31:29","","","7","15","","","Analyzing the Longitudinal K-12 Grading Histories of Entire Cohorts of Students","","","","","","","en","","","","","ERIC","","","<p>This article demonstrates a novel application of hierarchical cluster analysis(HCA) in order to find pattern in disaggregated data that aid in data driven decision making by teachers and administrators. Through analyzing the patterns, it correctly identify more than 80% of students who dropped out. Thus, hierarchical cluster analysis is useful to identify schooling outcomes.</p> <p>""Data driven decision making (3DM), has recently become a powerful means through which teachers and school leaders are able to gather together around student and school-level data to inform decision making and tailor instruction and resource allocation to students and classroom.""</p> <p>HCA: provide school leaders, researchers and policy makers a method to make better informed decisions in schools earlier, using data already collected on students.</p> <p>I like that by implementing the HCA(and heatmap), teachers and schools could make decision earlier and interrupt the decline in achievement early, before it results in future course failure.The main goal of the study is to present hierarchical cluster analysis (HCA) and visualization techniques(clustergram) as a useful method for the organization and pattern analysis of large sets of school and district data to aid data driven decision making. </p> <p>Q: I am a little bit concerned about this analysis mainly cluster students by teachers assigned grade will not accurate enough to predict students drop our rate. If the HCA could optimize clustering based on different indicators? Will the bias occur when cluster students?</p>","","http://eric.ed.gov/?id=EJ933686","","data; data analysis; Decision Making; Dropouts; Elementary School Students; Grades (Scholastic); Identification; MULTIVARIATE analysis; School Districts; Secondary School Students","","","","","","","","","","","","","","","","","","","","","","","","","","","","","","","","","","","","","","","","","","","","","",""
"BZIC5VI2","journalArticle","2014","Grunspan, Daniel Z.; Wiggins, Benjamin L.; Goodreau, Steven M.","Understanding Classrooms through Social Network Analysis: A Primer for Social Network Analysis in Education Research","CBE-Life Sciences Education","",", 1931-7913","10.1187/cbe.13-08-0162","http://www.lifescied.org/content/13/2/167","Social interactions between students are a major and underexplored part of undergraduate education. Understanding how learning relationships form in undergraduate classrooms, as well as the impacts these relationships have on learning outcomes, can inform educators in unique ways and improve educational reform. Social network analysis (SNA) provides the necessary tool kit for investigating questions involving relational data. We introduce basic concepts in SNA, along with methods for data collection, data processing, and data analysis, using a previously collected example study on an undergraduate biology classroom as a tutorial. We conduct descriptive analyses of the structure of the network of costudying relationships. We explore generative processes that create observed study networks between students and also test for an association between network position and success on exams. We also cover practical issues, such as the unique aspects of human subjects review for network studies. Our aims are to convince readers that using SNA in classroom environments allows rich and informative analyses to take place and to provide some initial tools for doing so, in the process inspiring future educational studies incorporating relational data.","2014-06-20","2019-09-17 22:01:11","2019-09-17 22:01:11","2014-08-20 20:21:46","167-178","","2","13","","CBE Life Sci Educ","Understanding Classrooms through Social Network Analysis","","","","","","","en","","","","","www.lifescied.org","","","<p>Very interesting article about how social relationship influenced on learning outcomes. It provides me the insight of that these seems not directly related to learning variables also plays important roles that will affect learning which guide us about pedagogy, new teaching method &amp; new classroom setting etc. In the digital age, we might need to thinking about how internet and technology use affect learning.</p> <p>Student's position within communication and interaction networks is correlated with his/her performance.</p> <p>SNA aim to find the social pattern to refer same social influences. -understand homophily</p> <p>Important term:</p> <p>Degree centrality: the total number of connections a node has. To exam the equity or inequity in the number of ties between individuals.</p> <p>Data collection: more open-ended questions will smaller classes using pseudonym survey.</p> <p>Data management: Matrices are powerful way to store and represent social network data. (adjacency matrix and edgelist)</p> <p>R package for network: statnet suit,Rsiena, Igraph.</p> <p>Q: How to covert the social network visualization to statistical significance?</p> <p> </p> <p> </p> <p> </p>","","http://www.lifescied.org/content/13/2/167","Week 2","","","","","","","","","","","","","","","","","","","","","","","","","","","","","","","","","","","","","","","","","","","","","","",""
"45X9J2X7","blogPost","2014","Young, Jeffrey R.","Why Students Should Own Their Educational Data","The Chronicle of Higher Education Blogs: Wired Campus","","","","http://chronicle.com/blogs/wiredcampus/why-students-should-own-their-educational-data/54329","","2014-08-21","2019-09-17 22:01:11","2019-09-17 22:01:11","2014-08-23 21:32:22","","","","","","","","","","","","","","","","","","","","","","<p>I watched this TedTalk four years ago when I was a student at Boston College studying Curriculum and Instruction. The video conveys the message that one size does not fit all. When I was in the C&amp;T Department, this video bring us the importance of differentiated instruction. It is interesting to see the Learning analytics and education data mining perspective about the same topic.</p> <p>Since no one will match exactly average of all dimensions, it is important to analyze individual patterns instead of aggregate data.</p> <p>*looking for personal patterns</p> <p>*personality research</p> <p>Whatever what kind of analysis is being done, the bottom line is that the user should own their data. This the default thing right now which is that everybody but the user owns their data.The third party who is responsible for protecting learner data.</p> <p> </p> <p> </p>","","http://chronicle.com/blogs/wiredcampus/why-students-should-own-their-educational-data/54329","","","","","","","","","","","","","","","","","","","","","","","","","","","","","","","","","","","","","","","","","","","","","","","",""
"WV3HP8A5","journalArticle","1994","Corbett, Albert T.; Anderson, John R.","Knowledge tracing: Modeling the acquisition of procedural knowledge","User Modeling and User-Adapted Interaction","","0924-1868, 1573-1391","10.1007/BF01099821","http://link.springer.com.ezp-prod1.hul.harvard.edu/article/10.1007/BF01099821","This paper describes an effort to model students' changing knowledge state during skill acquisition. Students in this research are learning to write short programs with the ACT Programming Tutor (APT). APT is constructed around a production rule cognitive model of programming knowledge, called theideal student model. This model allows the tutor to solve exercises along with the student and provide assistance as necessary. As the student works, the tutor also maintains an estimate of the probability that the student has learned each of the rules in the ideal model, in a process calledknowledge tracing. The tutor presents an individualized sequence of exercises to the student based on these probability estimates until the student has ‘mastered’ each rule. The programming tutor, cognitive model and learning and performance assumptions are described. A series of studies is reviewed that examine the empirical validity of knowledge tracing and has led to modifications in the process. Currently the model is quite successful in predicting test performance. Further modifications in the modeling process are discussed that may improve performance levels.","1994-12-01","2019-09-17 22:01:11","2019-09-17 22:01:11","2013-04-21 21:21:19","253-278","","4","4","","User Model User-Adap Inter","Knowledge tracing","","","","","","","en","","","","","link.springer.com.ezp-prod1.hul.harvard.edu","","","<p>Very insightful article about how to model students' changing knowledge state during skill acquisition.</p> <p>Process of ""Knowledge Tracing"" could give instructor an estimate of the probability that the students has learned each role which helps to provide an individualized sequence of exercise and assistance.</p> <p>Assess the predictive validity of the model</p> <p>-correlate the actual accuracy and predicted accuracy estimates across goals.</p> <p>-compute mean error in prediction</p> <p>-compute the mean absolute error in prediction.</p> <p>step:</p> <p>1. Internal validity</p> <p>2.External Validity</p> <p>3. Individual differences in learning and performance</p> <p>4. Dynamic Estimation of Individual differences</p> <p>5.Current assessment of knowledge tracing</p> <p>Q: How to come up with the coding rules?</p> <p>How to come up with the formulas in the article?</p> <p>How could we access this model? Is it a open resource?</p> <p>Is this model applicable for all filed of procedural knowledge, such as language learning, acquiring a math concept etc.</p> <p>I found that this article is hard to understand for people do not have machine learning background.</p> <p> </p>","","","","Education (general); empirical validity; individual differences; intelligent tutoring systems; Learning; Management of Computing and Information Systems; mastery learning; Multimedia Information Systems; procedural knowledge; Psychology, general; student modeling; User Interfaces and Human Computer Interaction","","","","","","","","","","","","","","","","","","","","","","","","","","","","","","","","","","","","","","","","","","","","","",""
"YSBB6DDL","conferencePaper","2012","Siemens, George; Baker, Ryan S. J. d.","Learning Analytics and Educational Data Mining: Towards Communication and Collaboration","Proceedings of the 2Nd International Conference on Learning Analytics and Knowledge","978-1-4503-1111-3","","10.1145/2330601.2330661","http://doi.acm.org/10.1145/2330601.2330661","Growing interest in data and analytics in education, teaching, and learning raises the priority for increased, high-quality research into the models, methods, technologies, and impact of analytics. Two research communities -- Educational Data Mining (EDM) and Learning Analytics and Knowledge (LAK) have developed separately to address this need. This paper argues for increased and formal communication and collaboration between these communities in order to share research, methods, and tools for data mining and analysis in the service of developing both LAK and EDM fields.","2012","2019-09-17 22:01:11","2019-09-17 22:01:11","2015-01-16 03:15:55","252–254","","","","","","Learning Analytics and Educational Data Mining","LAK '12","","","","ACM","New York, NY, USA","","","","","","ACM Digital Library","","","<p>This article talks about the similarity and difference between Education Data Mining (EDM) and Learning Analytics and Knowledge(LAK) and their formal communication and collaboration between these two communities.</p> <p>Similarities:</p> <p>EDM and LAK both reflect the emergence of data-intensive approaches to education. They share the goals of improving education by improving assessment, how problems in education are understood, and how interventions are planned and selected. </p> <p>Differences:</p> <p>EDM has a considerably greater focus on automated discovery, and LAK has a considerably greater focus on leveraging human judgment.</p> <p>EDM models are more often used as the basis of automated adaptation, conducted by a computer system such as an intelligent tutoring system. By contrast, LAK models are more often designed to inform and empower instructors and learners.</p> <p>It is much more typical in EDM research to see research which reduces phenomena to components and analyzing individual components and relationships between them. While LAK researchers typically place a stronger emphasis on attempting to understand systems as wholes, in their full complexity. </p> <p>I feel a bit of confused why explicitly differentiate EDM and LAK since it share the common goals- to improve education and learning. I do not think the EDM and LAK should be intentionally separated/competitive and should collaborate to share research methods etc.</p>","","","","Collaboration; educational data mining; learning analytics and knowledge","","","","","","","","","","","","","","","","","","","","","","","","","","","","","","","","","","","","","","","","","","","","","",""
"GI54X9HV","book","2015","Zheng, Alice","Evaluating Machine Learning Models","","","","","http://www.oreilly.com/data/free/evaluating-machine-learning-models.csp?intcmp=il-data-free-lp-lgen_free_reports_page","Data science today is a lot like the Wild West: there’s endless opportunity and excitement, but also a lot of chaos and confusion. If you’re new to data science and applied machine learning, evaluating a machine-learning model can seem pretty overwhelming...","2015-09","2019-09-17 22:01:12","2019-09-17 22:01:12","2015-12-15 18:26:39","","","","","","","","","","","","O'Reily Media","Sebastopol, CA","","","","","","","","","<p>Reinforcement and detailed explanation of what we learned in class.This whole book seems really useful, will definitely save for later.</p> <p>*It is always better to train the model to directly optimize for the metric it will be evaluated on.</p> <p> </p> <p> </p>","","http://www.oreilly.com/data/free/evaluating-machine-learning-models.csp?intcmp=il-data-free-lp-lgen_free_reports_page","","","","","","","","","","","","","","","","","","","","","","","","","","","","","","","","","","","","","","","","","","","","","","","",""
"FCAXUQ9L","blogPost","2015","Leong, B; Polonetsky, J","Why Opting Out of Student Data Collection Isn’t the Solution","EdSurge","","","","https://www.edsurge.com/news/2015-03-16-why-opting-out-of-student-data-collection-isn-t-the-solution","In every privacy debate across every industry, the same questions arise about the rights of individuals to “opt-out” of their data being collected or used. So it should come as no surprise that the “when” and “how” of parent and student opt-outs of education data collection or use has become a robust","2015-03-16","2019-09-17 22:01:12","2019-09-17 22:01:12","2016-01-16 16:31:25","","","","","","","","","","","","","","","","","","","","","","<p>Students data is essential and benefit to improve education. However, opt-out rights should be an opportunity for parents to decline uses of data that truly are secondary to the functioning of our educational system – not an opportunity to avoid resolution of education policy issues that affect all students.</p>","","https://www.edsurge.com/news/2015-03-16-why-opting-out-of-student-data-collection-isn-t-the-solution","","","","","","","","","","","","","","","","","","","","","","","","","","","","","","","","","","","","","","","","","","","","","","","",""
"98XJCKN2","videoRecording","2015","Educause","Why Is Measuring Learning So Difficult?","","","","","https://www.youtube.com/watch?v=_iv8A1pHNYA","Several higher education learning and assessment professionals discuss the difficulties of measuring learning.","2015-08-17","2019-09-17 22:01:12","2019-09-17 22:01:12","2016-01-17 18:50:57","","","","","","","","","","","","","","","","","","","YouTube","","","<p>Learning is multi-dimensional and we need to simplify it to capture data.</p> <p>Learning is too contextual and idiosyncratic to measure. No reliable proxy indicators</p> <p>Measuring learning is actually measuring competency, and need new technology to measure the process/achievement multiple times.</p> <p> </p> <p> </p>","","","","Learning; Assessment; Education; educational assessment; EDUCAUSE; Higher Education; learners; Teaching and learning","","","","","","","","","","","","","","","","","","","","","470 seconds","","","","","","","","","","","","","","","","","","","","","","","","",""
"3N3QZHLP","webpage","2016","Weinersmith, Zach","Saturday Morning Breakfast Cereal","","","","","http://www.smbc-comics.com/index.php?id=3978","","2016-01-05","2019-09-17 22:01:12","2019-09-17 22:01:12","2016-01-18 18:17:09","","","","","","","","","","","","","","","","","","","","","","<p>Very interesting cartoon. Science is not static!</p>","","http://www.smbc-comics.com/index.php?id=3978","","","","","","","","","","","","","","","","","","","","","","","","","","","","","","","","","","","","","","","","","","","","","","","",""
"W6VB7LZH","conferencePaper","2014","Clow, Doug","Data wranglers: human interpreters to help close the feedback loop","Proceedings of the Fourth International Conference on Learning Analytics And Knowledge","","","","","","2014","2019-09-17 22:01:12","2019-09-17 22:01:12","","49–53","","","","","","","","","","","ACM","","","","","","","","","","<p>This paper talk about a programme of Human data Wrangler to analyze data related to learning to understand the practice of individual faculties/department and produce reports that summarise the key points and make actionable recommendations. This procedure is defined as Learning Analytic.</p> <p>Data wrangler requirement and roles- one component of a large, complex system of quality assurance and quality enhancement.</p> <p>-have an academic background close to the faculty they work with.</p> <p>-investigating data, generate charts and visualisations and produce their own charts.</p> <p>-building up relationships with key stakeholders to make valuable report</p> <p>-engage with faculty academics to support the use of data in action.</p> <p>-support delivery of Learning Design</p> <p>-facilitate Learning Design workshop and process of closing feedback loop.</p> <p>The article provide of several analysis about How Data Wranglers' report resulted in changed capacity to act on learning analytics data.</p> <p>limitations: not sufficient data, unevenness of the process across Faculties, poor data quality.</p> <p>Question: How to build the model for sophisticated analysis？ What is VLE/LMS model？What is the different between top-down and bottom-up analytic strategy</p> <p> </p> <p> </p>","","","","","","","","","","","","","","","","","","","","","","","","","","","","","","","","","","","","","","","","","","","","","","","","","",""
"W7K7JHQA","magazineArticle","2015","Kucirkova, Natalia; FitzGerald, Elizabeth","Zuckerberg is ploughing billions into 'personalised learning' – why?","The Conversation","","","","http://theconversation.com/zuckerberg-is-ploughing-billions-into-personalised-learning-why-51940","Zuckerburg wants to plough billions into personalised learning, but his way may not be the right way.","2015-12-09","2019-09-17 22:01:12","2019-09-17 22:01:12","2016-01-18 19:14:05","","","","","","","","","","","","","","","","","","","","","","<p>“There has been much hype about the potential for new technology or approaches to disrupt education and, not unreasonably, there’s concern that investment in personalized learning may be a boost for Silicon Valley but a kick in the teeth for teachers.”</p> <p>why?</p> <p>1. Education has always been about acquiring knowledge and skills relevant to a profession, but also about acquiring general knowledge.</p> <p>2.while learners may cope poorly with trying to learn in a way that’s not suited to them, in the real world life will not always be so accommodating. Their lack of ability to compensate may mean they suffer as a result.</p> <p>3. Children’s preferences are not fixed – in fact they often change as immediate responses to the environment. </p> <p>I partially disagree author's opinion about personalized learning. Personalized learning is not only feeding children only the content they’re interested in, but teach children everything think need to know in the most appropriate way. As we all know, we have auditory, visual and kinesthetic type of learners, personalized learning helps to find the way to maximize study efficiency. Moreover, for the topic students are not interested in, personalized learning style might motivate students.</p> <p>I do agree with the author‘s opinion about personalised learning combined with emotional analytics, personal inquiry, dynamic and stealth assessment and it takes time, conversation and collaboration, and cannot be realized by pouring millions of dollars into technology.</p>","","https://theconversation.com/zuckerberg-is-ploughing-billions-into-personalised-learning-why-51940","","","","","","","","","","","","","","","","","","","","","","","","","","","","","","","","","","","","","","","","","","","","","","","",""
"KWS7I9HH","videoRecording","2015","Georgia Tech","Feature Selection","","","","","https://www.youtube.com/watch?v=8CpRLplmdqE","","2015-02-23","2019-09-17 22:01:12","2019-09-17 22:01:12","2016-01-18 19:18:06","","","","","","","","","","","","Youtube","","","","","","","","","","<p>Covert the problem and feature from multi-dimensional to 2d which is easy to visualize and understand.</p> <p>Based on the curse of Dimensionality, it would be better if we only have few features and make the learning problem easier.</p>","","https://www.youtube.com/watch?v=8CpRLplmdqE","","","","","","","","","","","","","","","","","","","","","","","3:13","","","","","","","","","","","","","","","","","","","","","","","","",""
"5EXHQG8K","bookSection","2016","Hanneman, R.A.; Riddle, M.","Chapter 1: Social Network Data","Introduction to Social Network Methods","","","","http://faculty.ucr.edu/~hanneman/nettext/C1_Social_Network_Data.html","","2016-01-18","2019-09-17 22:01:12","2019-09-17 22:01:12","2016-01-18 20:17:24","","","","","","","","","","","","","","","","","","","","","","<p>This article talks about the overall information, the terms analysis and measurement of social network data. It makes me have deeper understanding of assignment 2. It also talks about the application of statistics to social networks.</p> <p> </p>","","http://faculty.ucr.edu/~hanneman/nettext/C1_Social_Network_Data.html","","","","","","","","","","","","","","","","","","","","","","","","","","","","","","","","","","","","","","","","","","","","","","","",""
"MZPIXEPK","webpage","2014","Groelmund, Garrett","RStudio Cheat Sheets","RStudio","","","","https://www.rstudio.com/resources/cheatsheets/","","2014-08-01","2019-09-17 22:01:13","2019-09-17 22:01:13","2016-01-19 21:17:28","","","","","","","","","","","","","","","","","","","","","","<p>Very useful link. However, seems a little bit confused for people who has little R background.</p> <p> </p>","","http://shiny.rstudio.com/articles/rm-cheatsheet.html","","","","","","","","","","","","","","","","","","","","","","","","","","","","","","","","","","","","","","","","","","","","","","","",""
"L469H48J","conferencePaper","2013","san Pedro, Maria Ofelia; Baker, Ryan; Bowers, Alex; Heffernan, Neil","Predicting college enrollment from student interaction with an intelligent tutoring system in middle school","Educational Data Mining 2013","","","","","","2013","2019-09-17 22:01:13","2019-09-17 22:01:13","","","","","","","","","","","","","","","","","","","","","","","","","","","","","","","","","","","","","","","","","","","","","","","","","","","","","","","","","","","","","","","","","","","","","","","","",""
"39VV5ZIW","journalArticle","2012","Greller, Wolfgang; Drachsler, Hendrik","Translating Learning into Numbers: A Generic Framework for Learning Analytics","Journal of Educational Technology & Society","","1176-3647","","http://www.jstor.org/stable/jeductechsoci.15.3.42","ABSTRACT With the increase in available educational data, it is expected that Learning Analytics will become a powerful means to inform and support learners, teachers and their institutions in better understanding and predicting personal learning needs and performance. However, the processes and requirements behind the beneficial application of Learning and Knowledge Analytics as well as the consequences for learning and teaching are still far from being understood. In this paper, we explore the key dimensions of Learning Analytics (LA), the critical problem zones, and some potential dangers to the beneficial exploitation of educational data. We propose and discuss a generic design framework that can act as a useful guide for setting up Learning Analytics services in support of educational practice and learner guidance, in quality assurance, curriculum development, and in improving teacher effectiveness and efficiency. Furthermore, the presented article intends to inform about soft barriers and limitations of Learning Analytics. We identify the required skills and competences that make meaningful use of Learning Analytics data possible to overcome gaps in interpretation literacy among educational stakeholders. We also discuss privacy and ethical issues and suggest ways in which these issues can be addressed through policy guidelines and best practice examples.","2012","2019-09-17 22:01:13","2019-09-17 22:01:13","2016-09-03 18:55:41","42-57","","3","15","","Journal of Educational Technology & Society","Translating Learning into Numbers","","","","","","","","","","","","JSTOR","","","<p>better test score = better understanding or better learning?</p> <p>Internal limitation: consent about this idea</p> <p>Could we judge students just by the data?</p> <p>External Constraints:</p> <p>what is students do not have grade?</p> <p>what about text anxiety that leads to low test score?</p> <p>Instruments:(how to operationalize?)</p> <p>appropriate algorithm? , analyze the correlation between test score and assignment score (way to assess students' understanding?),questionnaire about student</p> <p>data: (access to the data)</p> <p>teachers. school, research institute could access the data</p> <p>Objectives: reflection</p> <p>Stakeholders:(teachers? learners)</p> <p>teachers, learners &amp; school will benefit from this data analysis</p> <p> </p> <p> </p>","","","","","","","","","","","","","","","","","","","","","","","","","","","","","","","","","","","","","","","","","","","","","","","","","",""
"NNEPQ853","bookSection","2006","Kay, Judy; Maisonneuve, Nicolas; Yacef, Kalina; Reimann, Peter","The Big Five and Visualisations of Team Work Activity","Intelligent Tutoring Systems","978-3-540-35159-7 978-3-540-35160-3","","","http://link.springer.com/chapter/10.1007/11774303_20","We have created a set of novel visualisations of group activity: they mirror activity of individuals and their interactions, based upon readily available authentic data. We evaluated these visualisations in the context of a semester long software development project course. We give a theoretical analysis of the design of our visualizations using the framework from the “Big 5” theory of team work as well as a qualitative study of the visualisations and the students’ reflective reports. We conclude that these visualisations provide a powerful and valuable mirroring role with potential, when well used, to help groups learn to improve their effectiveness.","2006-06-26","2019-09-17 22:01:13","2019-09-17 22:01:13","2016-09-03 19:10:12","197-206","","","","","","","Lecture Notes in Computer Science","4053","","","Springer Berlin Heidelberg","","en","©2006 Springer-Verlag Berlin Heidelberg","","","","link.springer.com","","DOI: 10.1007/11774303_20","<p>This book is not on the syllabus and it's a 800+ pages book. It is impossible to finish before this semester. However, I already downloaded it and will read it in free time.</p>","","https://link.springer.com/chapter/10.1007/11774303_20","","Multimedia Information Systems; User Interfaces and Human Computer Interaction; Artificial Intelligence (incl. Robotics); Computers and Education; Information Systems Applications (incl. Internet)","Ikeda, Mitsuru; Ashley, Kevin D.; Chan, Tak-Wai","","","","","","","","","","","","","","","","","","","","","","","","","","","","","","","","","","","","","","","","","","","","",""
"GKQL6RXE","journalArticle","2015","Konstan, Joseph A.; Walker, J. D.; Brooks, D. Christopher; Brown, Keith; Ekstrand, Michael D.","Teaching Recommender Systems at Large Scale: Evaluation and Lessons Learned from a Hybrid MOOC","ACM Trans. Comput.-Hum. Interact.","","1073-0516","10.1145/2728171","http://doi.acm.org/10.1145/2728171","","2015-04","2019-09-17 22:01:13","2019-09-17 22:01:13","2016-09-03 20:38:02","10:1–10:23","","2","22","","","Teaching Recommender Systems at Large Scale","","","","","","","","","","","","ACM Digital Library","","","<p>This article is about a pilot study of an online MOOC course to gathering data for research. This course is the first class we are aware of that supplements student process and outcome data with both a survey of student background/intent and a subject matter mastery pretest/posttest to assess student learning outcomes</p> <p>Great research goals:</p> <p>1. Do students in a face-to-face recommender systems course, who have access to MOOC resources, learn more than a comparable group of MOOC students who have access to recorded face-to-face instructional sessions? （very interesting questions!)</p> <p>2. What demographic, background, and behavioral factors predict course completion,normalized subject matter learning gains, and course grades in this MOOC?</p> <p>3. Do the MOOC students retain what they learned, when subject matter knowledge is<br />measured 5 months after the end of the course? Do the face-to-face students retain<br />more of what they learned than the MOOC students do?</p> <p>Interesting result:</p> <p>-Only intention predicts completion,little else does.</p> <p>-Face to face students learned at least as much as online-only students and retention rate is at least the same.</p> <p>-Students at all incoming knowledge levels benefited similarly from the course as well as knowledge gain is not correlated signficantly with age, sex,student level etc.</p> <p>***This is surprised to me because learning outcome is always associated with SES status,gender, race etc. If online learning platform will shorten the gap between students in different social classes, it will be a revolutionary indication</p> <p> </p> <p> </p>","","","","learning assessment; Massively Online Open Course (MOOC)","","","","","","","","","","","","","","","","","","","","","","","","","","","","","","","","","","","","","","","","","","","","","",""
"59J9FZSF","bookSection","2013","Desmarais, Michel C.; Naceur, Rhouma","A Matrix Factorization Method for Mapping Items to Skills and for Enhancing Expert-Based Q-Matrices","Artificial Intelligence in Education","978-3-642-39111-8 978-3-642-39112-5","","","http://link.springer.com/chapter/10.1007/978-3-642-39112-5_45","Uncovering the right skills behind question items is a difficult task. It requires a thorough understanding of the subject matter and of the cognitive factors that determine student performance. The skills definition, and the mapping of item to skills, require the involvement of experts. We investigate means to assist experts for this task by using a data driven, matrix factorization approach. The two mappings of items to skills, the expert on one side and the matrix factorization on the other, are compared in terms of discrepancies, and in terms of their performance when used in a linear model of skills assessment and item outcome prediction. Visual analysis shows a relatively similar pattern between the expert and the factorized mappings, although differences arise. The prediction comparison shows the factorization approach performs slightly better than the original expert Q-matrix, giving supporting evidence to the belief that the factorization mapping is valid. Implications for the use of the factorization to design better item to skills mapping are discussed.","2013-07-09","2019-09-17 22:01:13","2019-09-17 22:01:13","2016-09-03 20:44:11","441-450","","","","","","","Lecture Notes in Computer Science","7926","","","Springer Berlin Heidelberg","","en","©2013 Springer-Verlag Berlin Heidelberg","","","","link.springer.com","","DOI: 10.1007/978-3-642-39112-5_45","<p>Uncovering the right skills behind questions items is hard task that requires a comprehensive understanding of subject matter and cognitive factors to determine students' performance. This article introduces a ALS matrix factorization approach based on traditional Q-matrix approach that could predict accurate skills like expert.</p> <p>Q: A little bit confused about how data could measure human's thoughts? Does human set up the rules?</p>","","https://link.springer.com/chapter/10.1007/978-3-642-39112-5_45","","User Interfaces and Human Computer Interaction; Artificial Intelligence (incl. Robotics); Computers and Education; Information Systems Applications (incl. Internet); alternating least squares matrix factorization; Cognitive modeling; Educational Technology; latent skills; Pedagogic Psychology; skills assessment; Student models","Lane, H. Chad; Yacef, Kalina; Mostow, Jack; Pavlik, Philip","","","","","","","","","","","","","","","","","","","","","","","","","","","","","","","","","","","","","","","","","","","","",""
"TIWWPJFQ","book","2015","Matsuda, Noboru; Furukawa, Tadanobu; Bier, Norman; Faloutsos, Christos","Machine Beats Experts: Automatic Discovery of Skill Models for Data-Driven Online Course Refinement","","","","","http://eric.ed.gov/?id=ED560513","How can we automatically determine which skills must be mastered for the successful completion of an online course? Large-scale online courses (e.g., MOOCs) often contain a broad range of contents frequently intended to be a semester's worth of materials; this breadth often makes it difficult to articulate an accurate set of skills and knowledge (i.e., a skill model, or the QMatrix). We have developed an innovative method to discover skill models from the data of online courses. Our method assumes that online courses have a pre-defined skill map for which skills are associated with formative assessment items embedded throughout the online course. Our method carefully exploits correlations between various parts of student performance, as well as in the text of assessment items, to build a superior statistical model that even outperforms human experts. To evaluate our method, we compare our method with existing methods (LFA) and human engineered skill models on three Open Learning Initiative (OLI) courses at Carnegie Mellon University. The results show that (1) our method outperforms human-engineered skill models, (2) skill models discovered by our method are interpretable, and (3) our method is remarkably faster than existing methods. These results suggest that our method provides a significant contribution to the evidence-based, iterative refinement of online courses with a promising scalability. [For complete proceedings, see ED560503.]","2015-06","2019-09-17 22:01:13","2019-09-17 22:01:13","2016-09-03 20:48:57","","","","","","","Machine Beats Experts","","","","","International Educational Data Mining Society","","en","","","","","ERIC","","","<p>This article introduces a powerful model called eEPIPHANY that automatically determine which skills must be mastered for the successful completion of an online course which solve one of the big problem on making effective online courses since it is hard to find explicit associations between a necessary set of skills and course contents. By implementing the eEPIPHANY model, it carefully exploits correlations between various parts of student performance as well as in the text of assessment items. The accuracy is even higher than human-crafted skills models.</p> <p>Q: For these process that are involved with complex cognitive analysis, is it real possible that machine outperform the human?</p> <p>I found that it is hard for me to understand the very technical articles especially those articles about machine learning and algorithm etc. I will go back to these articles later when I understand machine learning and related stuffs better. (after learn more about R, engineering studio etc)</p>","","http://eric.ed.gov/?id=ED560513","","data; Automation; Comparative Analysis; Correlation; Formative Evaluation; models; Online Courses; Skills","","","","","","","","","","","","","","","","","","","","","","","","","","","","","","","","","","","","","","","","","","","","","",""
"H62CVKZ5","conferencePaper","2008","Cortez, Paulo; Silva, Alice Maria Gonçalves","Using data mining to predict secondary school student performance","Proceedings of 5th Annual Future Business Technology Conference","978-90-77381-39-7","","","http://repositorium.sdum.uminho.pt/handle/1822/8024","Although the educational level of the Portuguese population has improved in the last decades, the statistics keep Portugal at Europe’s tail end due to its high student failure rates. In particular, lack of success in the core classes of Mathematics and the Portuguese language is extremely serious. On the other hand, the fields of Business Intelligence (BI)/Data Mining (DM), which aim at extracting high-level knowledge from raw data, offer interesting automated tools that can aid the education domain. The present work intends to approach student achievement in secondary education using BI/DM techniques. Recent real-world data (e.g. student grades, demographic, social and school related features) was collected by using school reports and questionnaires. The two core classes (i.e. Mathematics and Portuguese) were modeled under binary/five-level classification and regression tasks. Also, four DM models (i.e. Decision Trees, Random Forest, Neural Networks and Support Vector Machines) and three input selections (e.g. with and without previous grades) were tested. The results show that a good predictive accuracy can be achieved, provided that the first and/or second school period grades are available. Although student achievement is highly influenced by past evaluations, an explanatory analysis has shown that there are also other relevant features (e.g. number of absences, parent’s job and education, alcohol consumption). As a direct outcome of this research, more efficient student prediction tools can be be developed, improving the quality of education and enhancing school resource management.","2008-04","2019-09-17 22:01:14","2019-09-17 22:01:14","2016-09-04 01:23:19","","","","","","","","","","","","EUROSIS","Porto, Spain","eng","openAccess","","","","repositorium.sdum.uminho.pt","","","","","http://repositorium.sdum.uminho.pt/handle/1822/8024","","","","","","","","","","","","","","","","","","","","","","","","","","","","","","","","","5th Annual Future Business Technology Conference","","","","","","","","","","","","","","",""
"JW4N2G34","journalArticle","2008","Baker, Ryan S. J. d; Corbett, Albert T.; Roll, Ido; Koedinger, Kenneth R.","Developing a generalizable detector of when students game the system","User Modeling and User-Adapted Interaction","","0924-1868, 1573-1391","10.1007/s11257-007-9045-6","http://link.springer.com/article/10.1007/s11257-007-9045-6","Some students, when working in interactive learning environments, attempt to “game the system”, attempting to succeed in the environment by exploiting properties of the system rather than by learning the material and trying to use that knowledge to answer correctly. In this paper, we present a system that can accurately detect whether a student is gaming the system, within a Cognitive Tutor mathematics curricula. Our detector also distinguishes between two distinct types of gaming which are associated with different learning outcomes. We explore this detector’s generalizability, and find that it transfers successfully to both new students and new tutor lessons.","2008-01-23","2019-09-17 22:01:14","2019-09-17 22:01:14","2016-09-04 01:34:49","287-314","","3","18","","User Model User-Adap Inter","","","","","","","","en","","","","","link.springer.com","","","<p>This article is not in the syllabus.</p>","","https://link.springer.com/article/10.1007/s11257-007-9045-6","","","","","","","","","","","","","","","","","","","","","","","","","","","","","","","","","","","","","","","","","","","","","","","",""
"79P33J6F","book","2014","Baker, R","Big Data in Education","","","","","","","2014","2019-09-17 22:01:14","2019-09-17 22:01:14","","","","","","","","","","","","","","New York, NY","","","","","","","","","<p>Thanks for Ryan Baker for making this series of videos. I like his facial expression and gesture!!</p> <p>1. Clustering：very detailed explanation of how we cluster data and choose selection of K</p> <p>2. Q matrix: rows-items columns-skills</p> <p>-automatic model discovery</p> <p>-hand-development and refinement</p> <p>-hybrid approaches</p> <p>3.prediction</p> <p>-classification, for categorical variable</p> <p>decision rules</p>","","","","","","","","","","","","","","","","","","","","","","","","1","","","","","","","","","","","","","","","","","","","","","","","","","",""
"A6PA7IE3","videoRecording","2016","Georgia Tech","Cross Validation","","","","","https://www.youtube.com/watch?v=sFO2ff-gTh0","","2016-09-09","2019-09-17 22:01:14","2019-09-17 22:01:14","2016-09-09 19:37:11","","","","","","","","","","","","Youtube","","","","","","","","","","<p>Try to find the representative training and testing data. Be generalized!</p> <p>cross validation data- a stand in for actual test data.</p> <p>Make more sense of cross validation after watching this video.</p>","","https://www.youtube.com/watch?v=sFO2ff-gTh0","","","","","","","","","","","","","","","","","","","","","","","","","","","","","","","","","","","","","","","","","","","","","","","",""
"7CQUGE3M","book","2019","Grolemund, Garrett","Hands-On Programming with R","","","","","https://rstudio-education.github.io/hopr/","This book will teach you how to program in R, with hands-on examples. I wrote it for non-programmers to provide a friendly introduction to the R language. You’ll learn how to load data, assemble and disassemble data objects, navigate R’s environment system, write your own functions, and use all of R’s programming tools. Throughout the book, you’ll use your newfound skills to solve practical data science problems.","2019-09-12","2019-09-17 22:01:14","2019-09-17 22:01:14","2019-09-12 17:12:28","","","","","","","","","","","","","","","","","","","rstudio-education.github.io","","","<p>Very useful book. Explicitly teaching code step by step. I am glad to read the first three chapters at the first week in order to have a overall concept of how R wroks and build confidence. I've got a Chinese version of this book and will finish the poker project with the book！</p>","","https://rstudio-education.github.io/hopr/","","","","","","","","","","","","","","","","","","","","","","","","","","","","","","","","","","","","","","","","","","","","","","","",""
"NLNMWLSL","webpage","2019","Powell, V; Lehe, L","Principal Component Analysis explained visually","Explained Visually","","","","http://setosa.io/ev/principal-component-analysis/","","2019-09-12","2019-09-17 22:01:14","2019-09-17 22:01:14","2019-09-12 17:17:07","","","","","","","","","","","","","","","","","","","","","","<p>For me, the video explanation make sense for me better.</p> <p>I found that several useful link helping me understand PCA:</p> <p><a href=""https://www.youtube.com/watch?v=FgakZw6K1QQ"">https://www.youtube.com/watch?v=FgakZw6K1QQ</a></p> <p><a href=""https://www.youtube.com/watch?v=OowGKNgdowA"">https://www.youtube.com/watch?v=OowGKNgdowA</a></p>","","http://setosa.io/ev/principal-component-analysis/","","","","","","","","","","","","","","","","","","","","","","","","","","","","","","","","","","","","","","","","","","","","","","","",""