﻿"Key","Item Type","Publication Year","Author","Title","Publication Title","ISBN","ISSN","DOI","Url","Abstract Note","Date","Date Added","Date Modified","Access Date","Pages","Num Pages","Issue","Volume","Number Of Volumes","Journal Abbreviation","Short Title","Series","Series Number","Series Text","Series Title","Publisher","Place","Language","Rights","Type","Archive","Archive Location","Library Catalog","Call Number","Extra","Notes","File Attachments","Link Attachments","Manual Tags","Automatic Tags","Editor","Series Editor","Translator","Contributor","Attorney Agent","Book Author","Cast Member","Commenter","Composer","Cosponsor","Counsel","Interviewer","Producer","Recipient","Reviewed Author","Scriptwriter","Words By","Guest","Number","Edition","Running Time","Scale","Medium","Artwork Size","Filing Date","Application Number","Assignee","Issuing Authority","Country","Meeting Name","Conference Name","Court","References","Reporter","Legal Status","Priority Numbers","Programming Language","Version","System","Code","Code Number","Section","Session","Committee","History","Legislative Body"
"YHWTJYDE","journalArticle","2014","Shermis, M.D.","State-of-the-art automated essay scoring: Competition, results, and future directions from a United States demonstration","Assessing Writing","","","","http://www.sciencedirect.com.ezp-prod1.hul.harvard.edu/science/article/pii/S1075293513000196","","2014-04","2017-09-07 20:03:28","2017-09-07 20:03:28","2014-08-20 23:48:38","53-76","","","20","","","","","","","","","","","","","","","","","","","","http://www.sciencedirect.com.ezp-prod1.hul.harvard.edu/science/article/pii/S1075293513000196","","","","","","","","","","","","","","","","","","","","","","","","","","","","","","","","","","","","","","","","","","","","","","","",""
"RCS5XGEX","webpage","2014","Honan, Mat","I Liked Everything I Saw on Facebook for Two Days. Here’s What It Did to Me | Gadget Lab","WIRED","","","","http://www.wired.com/2014/08/i-liked-everything-i-saw-on-facebook-for-two-days-heres-what-it-did-to-me/","I like everything. Or at least I did, for 48 hours. Literally everything Facebook sent my way, I liked---even if I hated it.","2014-11-08","2017-09-07 20:03:29","2017-09-07 20:03:29","2014-08-12 14:01:43","","","","","","","","","","","","","","","","","","","","","","","","http://www.wired.com/2014/08/i-liked-everything-i-saw-on-facebook-for-two-days-heres-what-it-did-to-me/","","Facebook; like buttons; News Feed","","","","","","","","","","","","","","","","","","","","","","","","","","","","","","","","","","","","","","","","","","","","","",""
"HT6NZ4L9","journalArticle","2014","Grunspan, Daniel Z.; Wiggins, Benjamin L.; Goodreau, Steven M.","Understanding Classrooms through Social Network Analysis: A Primer for Social Network Analysis in Education Research","CBE-Life Sciences Education","",", 1931-7913","10.1187/cbe.13-08-0162","http://www.lifescied.org/content/13/2/167","Social interactions between students are a major and underexplored part of undergraduate education. Understanding how learning relationships form in undergraduate classrooms, as well as the impacts these relationships have on learning outcomes, can inform educators in unique ways and improve educational reform. Social network analysis (SNA) provides the necessary tool kit for investigating questions involving relational data. We introduce basic concepts in SNA, along with methods for data collection, data processing, and data analysis, using a previously collected example study on an undergraduate biology classroom as a tutorial. We conduct descriptive analyses of the structure of the network of costudying relationships. We explore generative processes that create observed study networks between students and also test for an association between network position and success on exams. We also cover practical issues, such as the unique aspects of human subjects review for network studies. Our aims are to convince readers that using SNA in classroom environments allows rich and informative analyses to take place and to provide some initial tools for doing so, in the process inspiring future educational studies incorporating relational data.","2014-06-20","2017-09-07 20:03:29","2017-09-07 20:03:29","2014-08-20 20:21:46","167-178","","2","13","","CBE Life Sci Educ","Understanding Classrooms through Social Network Analysis","","","","","","","en","","","","","www.lifescied.org","","","","","http://www.lifescied.org/content/13/2/167","Week 2","","","","","","","","","","","","","","","","","","","","","","","","","","","","","","","","","","","","","","","","","","","","","","",""
"W4PSZL47","blogPost","2014","Young, Jeffrey R.","Why Students Should Own Their Educational Data","The Chronicle of Higher Education Blogs: Wired Campus","","","","http://chronicle.com/blogs/wiredcampus/why-students-should-own-their-educational-data/54329","","2014-08-21","2017-09-07 20:03:29","2017-09-07 20:03:29","2014-08-23 21:32:22","","","","","","","","","","","","","","","","","","","","","","<p>1. average VS individual</p>","","http://chronicle.com/blogs/wiredcampus/why-students-should-own-their-educational-data/54329","","","","","","","","","","","","","","","","","","","","","","","","","","","","","","","","","","","","","","","","","","","","","","","",""
"KLM48NBG","conferencePaper","2013","Lee, Victor R.; Drake, Joel","Quantified Recess: Design of an Activity for Elementary Students Involving Analyses of Their Own Movement Data","","978-1-4503-1918-8","","10.1145/2485760.2485822","http://doi.acm.org.ezp-prod1.hul.harvard.edu/10.1145/2485760.2485822","Recess is often a time for children in school to engage recreationally in physically demanding and highly interactive activities with their peers. This paper describes a design effort to encourage fifth-grade students to examine sensitivities associated with different measures of center by having them analyze activities during recess using over the course of a week using Fitbit activity trackers and TinkerPlots data visualization software. We describe the activity structure some observed student behaviors during the activity. We also provide a descriptive account, based on video records and transcripts, of two students who engaged thoughtfully with their recess data and developed a more sophisticated understanding of when and how outliers affect means and medians.","2013","2017-09-07 20:03:29","2017-09-07 20:03:29","2014-02-27 05:07:35","273–276","","","","","","Quantified Recess","","","","","ACM","New York, NY, USA","","","","","","ACM Digital Library","","","","","","","activity trackers; Collaboration; competition; elementary students; fitbit; physical activity; Quantified Self; TinkerPlots","","","","","","","","","","","","","","","","","","","","","","","","","","","","","","","","","","","","","","","","","","","","","",""
"7KJD8KZI","conferencePaper","2012","Siemens, George; Baker, Ryan S. J. d.","Learning Analytics and Educational Data Mining: Towards Communication and Collaboration","Proceedings of the 2Nd International Conference on Learning Analytics and Knowledge","978-1-4503-1111-3","","10.1145/2330601.2330661","http://doi.acm.org/10.1145/2330601.2330661","Growing interest in data and analytics in education, teaching, and learning raises the priority for increased, high-quality research into the models, methods, technologies, and impact of analytics. Two research communities -- Educational Data Mining (EDM) and Learning Analytics and Knowledge (LAK) have developed separately to address this need. This paper argues for increased and formal communication and collaboration between these communities in order to share research, methods, and tools for data mining and analysis in the service of developing both LAK and EDM fields.","2012","2017-09-07 20:03:30","2017-09-07 20:03:30","2015-01-16 03:15:55","252–254","","","","","","Learning Analytics and Educational Data Mining","","","","","ACM","New York, NY, USA","","","","","","ACM Digital Library","","","<div class=""page"" title=""Page 2""> <div class=""layoutArea""> <div class=""column""> <p><span style=""font-size: 9.000000pt; font-family: 'Times';"">1. EDM research which leverages human judgment in many cases does so to provide labels for classification, while LAK research which uses automated discovery often does so in the service of informing humans who make final decisions. </span></p> <p><span style=""font-size: 9.000000pt; font-family: 'Times';"">2. EDM models are more often used as the basis of automated adaptation, conducted by a computer system such as an intelligent tutoring system. By contrast, LAK models are more often designed to inform and empower instructors and learners. </span></p> <p><span style=""font-size: 9.000000pt; font-family: 'Times';"">3. EDM research to see research which reduces phenomena to components and analyzing individual components and relationships between them. LAK researchers typically place a stronger emphasis on attempting to understand systems as wholes, in their full complexity. </span></p> </div> </div> </div>","","","","Collaboration; educational data mining; learning analytics and knowledge","","","","","","","","","","","","","","","","","","","","","","","","","","","","","","","","","","","","","","","","","","","","","",""
"ZBAG4J8A","blogPost","2015","Manai, J","The Learning Analytics Landscape: Tension Between Student Privacy and the Process of Data Mining","Carnegie Foundation for the Advancement of Teaching","","","","http://www.carnegiefoundation.org/blog/the-learning-analytics-landscape-tension-between-student-privacy-and-the-process-of-data-mining/","Data mining is a powerful tool being used by educational institutions to support student success, but often students do not know what data are being","2015-11-06","2017-09-07 20:03:30","2017-09-07 20:03:30","2016-01-06 22:44:02","","","","","","","The Learning Analytics Landscape","","","","","","","","","","","","","","","","","http://www.carnegiefoundation.org/blog/the-learning-analytics-landscape-tension-between-student-privacy-and-the-process-of-data-mining/","","","","","","","","","","","","","","","","","","","","","","","","","","","","","","","","","","","","","","","","","","","","","","","",""
"STV3ZQZM","book","2015","Zheng, Alice","Evaluating Machine Learning Models","","","","","http://www.oreilly.com/data/free/evaluating-machine-learning-models.csp?intcmp=il-data-free-lp-lgen_free_reports_page","Data science today is a lot like the Wild West: there’s endless opportunity and excitement, but also a lot of chaos and confusion. If you’re new to data science and applied machine learning, evaluating a machine-learning model can seem pretty overwhelming...","2015-09","2017-09-07 20:03:30","2017-09-07 20:03:30","2015-12-15 18:26:39","","","","","","","","","","","","O'Reily Media","Sebastopol, CA","","","","","","","","","","","http://www.oreilly.com/data/free/evaluating-machine-learning-models.csp?intcmp=il-data-free-lp-lgen_free_reports_page","","","","","","","","","","","","","","","","","","","","","","","","","","","","","","","","","","","","","","","","","","","","","","","",""
"UCG96MN3","journalArticle","2015","Krueger, Keith R.; Moore, Bob","New technology “clouds” student data privacy","Phi Delta Kappan","","0031-7217, 1940-6487","10.1177/0031721715569464","http://pdk.sagepub.com/content/96/5/19","As technology has leaped forward to provide valuable learning tools, parents and policy makers have begun raising concerns about the privacy of student data that schools and systems have. Federal laws are intended to protect students and their families but they have not and will never be able to keep up with rapidly evolving technology. School systems can help themselves and their students by following a list of guidelines, the authors say.","2015-02-01","2017-09-07 20:03:31","2017-09-07 20:03:31","2015-12-17 16:16:17","19-24","","5","96","","Phi Delta Kappan","","","","","","","","en","","","","","pdk.sagepub.com","","","","","http://pdk.sagepub.com/content/96/5/19","","","","","","","","","","","","","","","","","","","","","","","","","","","","","","","","","","","","","","","","","","","","","","","",""
"TZUEACH8","blogPost","2015","Leong, B; Polonetsky, J","Why Opting Out of Student Data Collection Isn’t the Solution","EdSurge","","","","https://www.edsurge.com/news/2015-03-16-why-opting-out-of-student-data-collection-isn-t-the-solution","In every privacy debate across every industry, the same questions arise about the rights of individuals to “opt-out” of their data being collected or used. So it should come as no surprise that the “when” and “how” of parent and student opt-outs of education data collection or use has become a robust","2015-03-16","2017-09-07 20:03:31","2017-09-07 20:03:31","2016-01-16 16:31:25","","","","","","","","","","","","","","","","","","","","","","","","https://www.edsurge.com/news/2015-03-16-why-opting-out-of-student-data-collection-isn-t-the-solution","","","","","","","","","","","","","","","","","","","","","","","","","","","","","","","","","","","","","","","","","","","","","","","",""
"CIF4WC2Z","videoRecording","2013","Poulson, Barton","Up and Running with R","","","","","http://www.lynda.com/R-tutorials/Up-Running-R/120612-2.html?org=nyu.edu","Introduces the R statistical processing language, including how to install R, read data from SPSS and spreadsheets, analyze data, and create charts and plots.","2013-04-04","2017-09-07 20:03:31","2017-09-07 20:03:31","2016-01-17 18:03:03","","","","","","","","","","","","Lynda.com","","","","","","","","","","","","http://www.lynda.com/R-tutorials/Up-Running-R/120612-2.html?org=nyu.edu","","","","","","","","","","","","","","","","","","","","","","","","","","","","","","","","","","","","","","","","","","","","","","","",""
"CP88P86H","videoRecording","2015","Educause","Why Is Measuring Learning So Difficult?","","","","","https://www.youtube.com/watch?v=_iv8A1pHNYA","Several higher education learning and assessment professionals discuss the difficulties of measuring learning.","2015-08-17","2017-09-07 20:03:32","2017-09-07 20:03:32","2016-01-17 18:50:57","","","","","","","","","","","","","","","","","","","YouTube","","","<p>1. multi-dimensional</p> <p>2. from practices, participate --- contexual, idiosyncratic</p> <p>3. personal, construct --- but can see result of interaction</p> <p>4. when students teach something to each other --- (P2P mode 42 coding school)</p> <p>5. measure competence --- come in competence &amp; when course finish</p> <p>6. measuring learning - psychological constructs psychometric achievement</p> <p>7. doorway! what else is possible! --- LA!</p> <p>8. coalescing of factors</p>","","","","Assessment; Education; educational assessment; EDUCAUSE; Higher Education; learners; Learning; Teaching and learning","","","","","","","","","","","","","","","","","","","","","470 seconds","","","","","","","","","","","","","","","","","","","","","","","","",""
"D8KJV8BD","webpage","2016","Weinersmith, Zach","Saturday Morning Breakfast Cereal","","","","","http://www.smbc-comics.com/index.php?id=3978","","2016-01-05","2017-09-07 20:03:32","2017-09-07 20:03:32","2016-01-18 18:17:09","","","","","","","","","","","","","","","","","","","","","","<p>data is persuasive</p> <p>cause &amp; effect could be upside down</p> <p>should find the real &amp; deepest connection</p> <p>heavy impact on policy decisions</p> <p>but what matters is the brain behind...</p> <p>crazy program..</p>","","http://www.smbc-comics.com/index.php?id=3978","","","","","","","","","","","","","","","","","","","","","","","","","","","","","","","","","","","","","","","","","","","","","","","",""
"95UWIHY4","webpage","2015","RStudio","The Data Wrangling Cheatsheet","","","","","http://www.rstudio.com/wp-content/uploads/2015/02/data-wrangling-cheatsheet.pdf","","2015-01","2017-09-07 20:03:32","2017-09-07 20:03:32","2016-01-18 18:42:27","","","","","","","","","","","","","","","","","","","","","","<p>dplyr: 1. Syntax</p> <p>          2. Reshaping Data</p> <p>          3. Subset Observations</p> <p>          4. Subset Variables</p> <p>          5. Summarise Data</p> <p>          6. Make New Variables</p> <p>         <span style=""background-color: #ffff00;""> 7. Group Data (?)</span></p> <p>         <span style=""background-color: #ffff00;""> 8. Combine Data Sets (?)</span></p>","","http://www.rstudio.com/wp-content/uploads/2015/02/data-wrangling-cheatsheet.pdf","","","","","","","","","","","","","","","","","","","","","","","","","","","","","","","","","","","","","","","","","","","","","","","",""
"Q2UGCPJQ","conferencePaper","2014","Clow, Doug","Data wranglers: human interpreters to help close the feedback loop","Proceedings of the Fourth International Conference on Learning Analytics And Knowledge","","","","","","2014","2017-09-07 20:03:32","2017-09-07 20:03:32","","49–53","","","","","","","","","","","ACM","","","","","","","","","","<div class=""page"" title=""Page 2""> <div class=""layoutArea""> <div class=""column""> <p><span style=""font-size: 9.000000pt; font-family: 'Times New Roman';""> CASE OF DATA WRANGLING</span></p> <p> </p> <p><span style=""font-size: 9.000000pt; font-family: 'Times New Roman';"">This is not a straightforward process: some academic staff may be resistant to what they perceive as the metrics agenda. However, engaging with learning analytics can steer the agenda towards richer conceptions of learning than a naïve quantitative view might imply </span></p> <p> </p> <p><span style=""font-size: 9.000000pt; font-family: 'Times New Roman';"">Learning Design can provide an account of pedagogical intent that can provide useful context for interpreting learning analytics, and learning analytics can provide particularly useful insight to underpin the process of Learning Design</span></p> </div> </div> </div>","","","","","","","","","","","","","","","","","","","","","","","","","","","","","","","","","","","","","","","","","","","","","","","","","",""
"6MBQEBLN","magazineArticle","2015","Kucirkova, Natalia; FitzGerald, Elizabeth","Zuckerberg is ploughing billions into 'personalised learning' – why?","The Conversation","","","","http://theconversation.com/zuckerberg-is-ploughing-billions-into-personalised-learning-why-51940","Zuckerburg wants to plough billions into personalised learning, but his way may not be the right way.","2015-12-09","2017-09-07 20:03:32","2017-09-07 20:03:32","2016-01-18 19:14:05","","","","","","","","","","","","","","","","","","","","","","<p><span style=""color: #383838; font-family: 'Libre Baskerville', Georgia, Times, 'Times New Roman', serif; font-size: 16px; font-style: normal; font-variant-ligatures: normal; font-variant-caps: normal; font-weight: 400; letter-spacing: normal; orphans: 2; text-align: start; text-indent: 0px; text-transform: none; white-space: normal; widows: 2; word-spacing: 0px; -webkit-text-stroke-width: 0px; background-color: #ffffff; text-decoration-style: initial; text-decoration-color: initial; display: inline !important; float: none;"">three major flaws：</span></p> <p><span style=""color: #383838; font-family: 'Libre Baskerville', Georgia, Times, 'Times New Roman', serif; font-size: 16px; font-style: normal; font-variant-ligatures: normal; font-variant-caps: normal; font-weight: 400; letter-spacing: normal; orphans: 2; text-align: start; text-indent: 0px; text-transform: none; white-space: normal; widows: 2; word-spacing: 0px; -webkit-text-stroke-width: 0px; background-color: #ffffff; text-decoration-style: initial; text-decoration-color: initial; display: inline !important; float: none;""> 1, education has always been about acquiring knowledge and skills relevant to a profession, but also about acquiring general knowledge. </span></p> <p><span style=""color: #383838; font-family: 'Libre Baskerville', Georgia, Times, 'Times New Roman', serif; font-size: 16px; font-style: normal; font-variant-ligatures: normal; font-variant-caps: normal; font-weight: 400; letter-spacing: normal; orphans: 2; text-align: start; text-indent: 0px; text-transform: none; white-space: normal; widows: 2; word-spacing: 0px; -webkit-text-stroke-width: 0px; background-color: #ffffff; text-decoration-style: initial; text-decoration-color: initial; display: inline !important; float: none;"">2,while learners may cope poorly with trying to learn in a way that’s not suited to them, in the real world life will not always be so accommodating.</span></p> <p><span style=""color: #383838; font-family: 'Libre Baskerville', Georgia, Times, 'Times New Roman', serif; font-size: 16px; font-style: normal; font-variant-ligatures: normal; font-variant-caps: normal; font-weight: 400; letter-spacing: normal; orphans: 2; text-align: start; text-indent: 0px; text-transform: none; white-space: normal; widows: 2; word-spacing: 0px; -webkit-text-stroke-width: 0px; background-color: #ffffff; text-decoration-style: initial; text-decoration-color: initial; display: inline !important; float: none;"">3,children’s preferences are not fixed – in fact they often change as immediate responses to the environment</span></p> <p> </p> <p><span style=""color: #383838; font-family: 'Libre Baskerville', Georgia, Times, 'Times New Roman', serif; font-size: 16px; font-style: normal; font-variant-ligatures: normal; font-variant-caps: normal; font-weight: 400; letter-spacing: normal; orphans: 2; text-align: start; text-indent: 0px; text-transform: none; white-space: normal; widows: 2; word-spacing: 0px; -webkit-text-stroke-width: 0px; background-color: #ffffff; text-decoration-style: initial; text-decoration-color: initial; display: inline !important; float: none;"">Motivation is crucial for effective learning, and personalised learning gives children a sense of <a style=""color: #557585; text-decoration: underline; outline: none; white-space: pre-wrap; word-wrap: break-word; font-family: 'Libre Baskerville', Georgia, Times, 'Times New Roman', serif; font-size: 16px; font-style: normal; font-variant-ligatures: normal; font-variant-caps: normal; font-weight: 400; letter-spacing: normal; orphans: 2; text-align: start; text-indent: 0px; text-transform: none; widows: 2; word-spacing: 0px; -webkit-text-stroke-width: 0px; background-color: #ffffff;"" href=""http://dera.ioe.ac.uk/1439/"">ownership and relevance</a>, while personalised assessments are <a style=""color: #557585; text-decoration: underline; outline: none; white-space: pre-wrap; word-wrap: break-word; font-family: 'Libre Baskerville', Georgia, Times, 'Times New Roman', serif; font-size: 16px; font-style: normal; font-variant-ligatures: normal; font-variant-caps: normal; font-weight: 400; letter-spacing: normal; orphans: 2; text-align: start; text-indent: 0px; text-transform: none; widows: 2; word-spacing: 0px; -webkit-text-stroke-width: 0px; background-color: #ffffff;"" href=""http://oro.open.ac.uk/37855/1/"">regarded as effective</a>.</span></p> <p> </p>","","https://theconversation.com/zuckerberg-is-ploughing-billions-into-personalised-learning-why-51940","","","","","","","","","","","","","","","","","","","","","","","","","","","","","","","","","","","","","","","","","","","","","","","",""
"APDXU2RJ","blogPost","2013","Perez-Riverol, Yasset","Introduction to Feature selection for bioinformaticians using R, correlation matrix filters, PCA & backward selection","R-bloggers","","","","http://www.r-bloggers.com/introduction-to-feature-selection-for-bioinformaticians-using-r-correlation-matrix-filters-pca-backward-selection/","Bioinformatics is becoming more and more a Data Mining field. Every passing day, Genomics and Proteomics yield bucketloads of multivariate data (genes, proteins, DNA, identified peptides, structures), and every one of these biological data units are described by a number of features: length, physicochemical properties, scores, etc. Careful consideration of which features to select when trying to reduce the dimensionality of a specific dataset is, therefore, critical if one wishes to analyze and understand their impact on a model, or to identify what attributes produce a specific biological effect. For instance, considering a predictive model C1A1 + C2A2 + C3A3 … CnAn = S, where Ci are constants, Ai are features or attributes and S is the predictor output (retention time, toxicity, score, etc). It is essential to identify which of those features (A1, A2 and A3…An) are most relevant to the model and to understand how they correlate with S, as working with such a subset will enable the researcher to discard a lot of irrelevant and redundant information. There are two main approaches to this selection process:  Filter approaches: you select the features first, then you use this subset to execute classification or clustering algorithms, etc; Embedded or Wrapper approaches a classification algorithm is applied to the raw dataset in order to identify the most relevant features. One of the simplest and most powerful filter approaches is the use of  correlation matrix filters. In regression and data mining problems, variables may be highly correlated with one another or ""redundant"". For example in cheminformatics, aromatic rings, bond counts and carbon atom counts can be very tightly correlated. If so, any one of these variables could be used as a proxy for all the others. It is best to choose the feature which is most likely to be the direct cause of toxicity, absorption or a specific response distribution.  Correlation Matrix :R Example: Removing features with more than 0.70 of Correlation.import java.util.List;library(corrplot)#corrplot: the library to compute correlation matrix.datMy <- read.table(""data.csv"", header = TRUE)#read the tab file using the read table function.datMy.scale<- scale(datMy[2:ncol(datMy)],center=TRUE,scale=TRUE);#scale all the features (from feature 2 bacause feature 1 is the predictor output)corMatMy <- cor(datMy.scale)#compute the correlation matrixcorrplot(corMatMy, order = ""hclust"")#visualize the matrix, clustering features by correlation index. Resulting Output: Highly Correlate Matrix for 400 features.  After inspecting the matrix, we set the correlation threshold at 0.70.highlyCor <- findCorrelation(corMatMy, 0.70)#Apply correlation filter at 0.70,#then we remove all the variable correlated with more 0.7.datMyFiltered.scale <- datMy.scale[,-highlyCor]corMatMy <- cor(datMyFiltered.scale)corrplot(corMatMy, order = ""hclust"") Resulting Output: Correlation matrix after filter. Now it is possible to filter out “redundant” features by examining in detail the correlation matrix. Remember that the closer the correlation between two variables is to 1, the more related their behavior and the more redundant one is with respect to the other. Using PCA A relatively sophisticated way to do the correlation matrix analysis would be to perform a Principal Components Analysis (PCA). Feature extraction approaches transform data in high-dimensional space to a space of fewer dimensions. Principal component analysis, the most important linear technique for reducing dimensionality, performs a linear mapping of the data to a lower dimensional space in such a way that the variance of the data in the low-dimensional representation is maximized. In other words, PCA analysis builds a set of features by selecting those axes which maximize data variance. Principal Component Analysis (PCA) is a multivariate technique that summarizes systematic patterns of variation in the data. From a data analysis standpoint, PCA is used for studying one table of observations and variables with the idea of transforming the observed variables into a set of new variables, the principal components, which are uncorrelated and explain the variation of the data. Therefore, PCA can be used to bring down a “complex” data set to a lower dimensionality, in order to reveal the structures or the dominant types of variations in both the observations and the variables. PCA in R In R, several functions from a number of different packages can be used to perform PCA. My suggestion is FactoMineR whose typical PCA output consists of a set of eigenvalues, a table with the scores or Principal Components (PCs), and a table of loadings (or correlations between variables and PCs).R Example: PCA function using FactoMineR for 400 features & 5 PCs require(FactoMineR) # PCA with function PCAdatMy <- read.table(""data.csv"", header = TRUE)#read the tab file using the read table function.pca <- PCA(datMy, scale.unit=TRUE, ncp=5, graph=T)#scale all the features,  ncp: number of dimensions kept in the results (by default 5)dimdesc(pca)#This line of code will sort the variables the most linked to each PC. It is very useful when you have many variables. Here, you can find an excellent tutorial on FactoMineR and Principal Component analysis in R: Wrapper Approaches with Backwards Selection""Wrapper"" approaches can be viewed as built-in functions to optimize the number of predictors in the optimization or regression problem.  Many feature selection routines use a ""wrapper"" approach to find appropriate variables such that an algorithm searching through feature space repeatedly fits the model with different predictor sets. The best predictor set is determined by some measure of performance (correlation R^2, root-mean-square deviation). An example of one search routine is backwards selection (a.k.a. recursive feature elimination). In many cases, using these models with built-in feature selection will be more efficient than algorithms where the search routine for the right predictors is external to the model. Built-in feature selection typically couples the predictor search algorithm with parameter estimation, and is usually optimized with a single objective function (e.g. error rates or likelihood). Using Built-in Backward SelectionThe algorithm fits the model to all predictors. Each predictor is ranked according to relevance to the model. With each iteration of feature selection, the Ci top-ranked predictors are retained, the model is refit and performance is re-assessed. Built-in backward selection is being used for at least three purposes: predictor selection, model fitting and performance evaluation. Unless the number of samples is large, especially in relation to the number of variables, one static training set may not be able to fulfill these needs. The ""crantastic"" package caret contains functions for training and plotting classification and regression models. In this case, the rfe function is used to obtain the potential selection. It has several arguments:  x, a matrix or data frame of predictor variables y, a vector (numeric or factor) of outcomes sizes, an integer vector for the specific subset sizes that should be tested (which must not include ncol(x)) rfeControl, a list of options that can be used to specify the model and the methods for prediction, ranking etc.  For a specific model, a set of functions must be specified in rfeControl$functions. There are a number of pre-defined sets of functions for several models, including: linear regression (in the object lmFuncs), random forests (rfFuncs), naive Bayes (nbFuncs), bagged trees (treebagFuncs) and functions that can be used with caret's train function (caretFuncs). R example: Selecting features using backward selection and the caret package library(caret);#load caret librarydata_features<-as.matrix(read.table(""data-features.csv"",sep=""\t"", header=TRUE));#load data featuresdata_class<-as.matrix(read.table('data.csv', header=TRUE));#load data classesdata_features<- scale(data_features, center=TRUE, scale=TRUE);#scale data featuresinTrain <- createDataPartition(data_class, p = 3/4, list = FALSE); #Divide the dataset in train and test sets#Create the Training Dataset for Descriptors trainDescr <- data_features[inTrain,];# Create the Testing dataset for DescriptorstestDescr <- data_features[-inTrain,];trainClass <- data_class[inTrain];testClass <- data_class[-inTrain];descrCorr <- cor(trainDescr);highCorr <- findCorrelation(descrCorr, 0.70);trainDescr <- trainDescr[, -highCorr];testDescr <- testDescr[, -highCorr];# Here, we can included a correlation matrix analysis to remove the redundant features before the backwards selection svmProfile <- rfe(x=trainDescr, y = trainClass, sizes = c(1:5), rfeControl= rfeControl(functions = caretFuncs,number = 2),method = ""svmRadial"",fit = FALSE);#caret function: the rfe is the backwards selection, c is the possible sizes of the features sets, and method the optimization method is a support vector machine. Finally I would like to recommned an excellent Review about Feature Selection in Bioinformatics.","2013-10-17","2017-09-07 20:03:33","2017-09-07 20:03:33","2016-01-18 19:42:18","","","","","","","","","","","","","","","","","","","","","","","","http://www.r-bloggers.com/introduction-to-feature-selection-for-bioinformaticians-using-r-correlation-matrix-filters-pca-backward-selection/","","","","","","","","","","","","","","","","","","","","","","","","","","","","","","","","","","","","","","","","","","","","","","","",""
"UIXUE7CU","blogPost","2014","Sharma, Aseem","Why open data matters in education","Opensource.com","","","","https://opensource.com/education/14/10/why-open-data-matters-education","Aseem Sharma writes that improving the state of education and making children better learners is a human endeavor. It requires understanding the behavior of children, what motivates them, and what demotivates them. Technology solutions based on open data can strengthen and fuel that human endeavor on which much of our future depends.","2014-10-13","2017-09-07 20:03:33","2017-09-07 20:03:33","2016-01-18 20:10:08","","","","","","","","","","","","","","","","","","","","","","","","https://opensource.com/education/14/10/why-open-data-matters-education","","","","","","","","","","","","","","","","","","","","","","","","","","","","","","","","","","","","","","","","","","","","","","","",""
"D8VN9ZZI","bookSection","2016","Hanneman, R.A.; Riddle, M.","Chapter 1: Social Network Data","Introduction to Social Network Methods","","","","http://faculty.ucr.edu/~hanneman/nettext/C1_Social_Network_Data.html","","2016-01-18","2017-09-07 20:03:33","2017-09-07 20:03:33","2016-01-18 20:17:24","","","","","","","","","","","","","","","","","","","","","","","","http://faculty.ucr.edu/~hanneman/nettext/C1_Social_Network_Data.html","","","","","","","","","","","","","","","","","","","","","","","","","","","","","","","","","","","","","","","","","","","","","","","",""
"87FKV2IX","blogPost","2014","Farr, Christina","Microsoft and Knewton partner up to bring adaptive learning to publishers & schools","VentureBeat","","","","http://venturebeat.com/2014/03/13/microsoft-and-knewton-partner-up-to-bring-adaptive-learning-to-publishers-schools/","Knewton provides an open API for ""adaptive learning,"" an insidery term for computing that helps students learn at their own pace.","2014-03-13","2017-09-07 20:03:34","2017-09-07 20:03:34","2016-01-19 14:56:06","","","","","","","","","","","","","","","","","","","","","","","","http://venturebeat.com/2014/03/13/microsoft-and-knewton-partner-up-to-bring-adaptive-learning-to-publishers-schools/","","","","","","","","","","","","","","","","","","","","","","","","","","","","","","","","","","","","","","","","","","","","","","","",""
"VUDZVY6Q","journalArticle","2007","Wu, Xindong; Kumar, Vipin; Quinlan, J. Ross; Ghosh, Joydeep; Yang, Qiang; Motoda, Hiroshi; McLachlan, Geoffrey J.; Ng, Angus; Liu, Bing; Yu, Philip S.; Zhou, Zhi-Hua; Steinbach, Michael; Hand, David J.; Steinberg, Dan","Top 10 algorithms in data mining","Knowledge and Information Systems","","0219-1377, 0219-3116","10.1007/s10115-007-0114-2","http://link.springer.com.ezp-prod1.hul.harvard.edu/article/10.1007/s10115-007-0114-2","This paper presents the top 10 data mining algorithms identified by the IEEE International Conference on Data Mining (ICDM) in December 2006: C4.5, k-Means, SVM, Apriori, EM, PageRank, AdaBoost, kNN, Naive Bayes, and CART. These top 10 algorithms are among the most influential data mining algorithms in the research community. With each algorithm, we provide a description of the algorithm, discuss the impact of the algorithm, and review current and further research on the algorithm. These 10 algorithms cover classification, clustering, statistical learning, association analysis, and link mining, which are all among the most important topics in data mining research and development.","2007-12-04","2017-09-07 20:03:34","2017-09-07 20:03:34","2016-01-19 15:40:59","1-37","","1","14","","Knowl Inf Syst","","","","","","","","en","","","","","link.springer.com.ezp-prod1.hul.harvard.edu","","","","","http://link.springer.com.ezp-prod1.hul.harvard.edu/article/10.1007%2Fs10115-007-0114-2","","Business Information Systems; Information Systems and Communication Service","","","","","","","","","","","","","","","","","","","","","","","","","","","","","","","","","","","","","","","","","","","","","",""
"XDWMFLTF","journalArticle","2011","Nadkarni, Prakash M; Ohno-Machado, Lucila; Chapman, Wendy W","Natural language processing: an introduction","Journal of the American Medical Informatics Association : JAMIA","","1067-5027","10.1136/amiajnl-2011-000464","http://www.ncbi.nlm.nih.gov/pmc/articles/PMC3168328/","Objectives To provide an overview and tutorial of natural language processing (NLP) and modern NLP-system design. Target audience This tutorial targets the medical informatics generalist who has limited acquaintance with the principles behind NLP and/or limited knowledge of the current state of the art. Scope We describe the historical evolution of NLP, and summarize common NLP sub-problems in this extensive field. We then provide a synopsis of selected highlights of medical NLP efforts. After providing a brief description of common machine-learning approaches that are being used for diverse NLP sub-problems, we discuss how modern NLP architectures are designed, with a summary of the Apache Foundation's Unstructured Information Management Architecture. We finally consider possible future directions for NLP, and reflect on the possible impact of IBM Watson on the medical field.","2011","2017-09-07 20:03:34","2017-09-07 20:03:34","2016-01-19 16:19:41","544-551","","5","18","","J Am Med Inform Assoc","Natural language processing","","","","","","","","","","","","PubMed Central","","","","","http://www.ncbi.nlm.nih.gov/pmc/articles/PMC3168328/","","","","","","","","","","","","","","","","","","","","","","","","","","","","","","","","","","","","","","","","","","","","","","","",""
"K4DZXWJ8","journalArticle","2014","Crawford, K; Schultz, J","Big Data and Due Process: Toward a Framework to Redress Predictive Privacy Harms - Boston College Law Review","Boston College Law Review","","","","http://bclawreview.org/review/55_1/03_crawford_schultz/","","2014","2017-09-07 20:03:35","2017-09-07 20:03:35","2016-01-19 16:33:49","","","1","LV","","","Big Data and Due Process","","","","","","","","","","","","","","","<p>Note!</p>","","http://bclawreview.org/review/55_1/03_crawford_schultz/","","","","","","","","","","","","","","","","","","","","","","","","","","","","","","","","","","","","","","","","","","","","","","","",""
"CD8GW3IK","book","2015","Thompson, J.","Text Mining, Big Data, Unstructured Data","","","","","http://www.statsoft.com/Textbook/Text-Mining#overview","","2015-08-05","2017-09-07 20:03:35","2017-09-07 20:03:35","2016-01-19 16:41:08","","","","","","","","","","","","Dell Computing","","","","","","","","","","","","http://www.statsoft.com/Textbook/Text-Mining#overview","","","","","","","","","","","","","","","","","","","","","","","","","","","","","","","","","","","","","","","","","","","","","","","",""
"4F79C4K2","blogPost","2015","Kamenetz, Anya","The Quantified Student: An App That Predicts GPA","NPR","","","","http://www.npr.org/sections/ed/2015/06/02/409780423/the-quantified-student-an-app-that-predicts-gpa","Researchers found that a phone's activity tracker can automatically predict students' school performance.","2015-06-03","2017-09-07 20:03:35","2017-09-07 20:03:35","2016-01-19 20:00:19","","","","","","","The Quantified Student","","","","","","","","","","","","","","","","","http://www.npr.org/sections/ed/2015/06/02/409780423/the-quantified-student-an-app-that-predicts-gpa","","","","","","","","","","","","","","","","","","","","","","","","","","","","","","","","","","","","","","","","","","","","","","","",""
"ZJVDR9T9","videoRecording","2015","Datacamp","The ggvis R package - How to Work With The Grammar of Graphics - YouTube","","","","","https://www.youtube.com/watch?v=rf55oB6xX3w","Share your videos with friends, family, and the world","2015-12-05","2017-09-07 20:03:36","2017-09-07 20:03:36","2016-01-19 20:37:17","","","","","","","","","","","","Youtube","","","","","","","","","","","","https://www.youtube.com/watch?v=rf55oB6xX3w","","","","","","","","","","","","","","","","","","","","","","","","","","","","","","","","","","","","","","","","","","","","","","","",""
"5VNIZLLB","bookSection","2008","Friendly, Michael","A Brief History of Data Visualization","Handbook of Data Visualization","978-3-540-33036-3 978-3-540-33037-0","","","http://link.springer.com.ezp-prod1.hul.harvard.edu/chapter/10.1007/978-3-540-33037-0_2","It is common to think of statistical graphics and data visualization as relatively modern developments in statistics. In fact, the graphic representation of quantitative information has deep roots. These roots reach into the histories of the earliestmap making and visual depiction, and later into thematic cartography, statistics and statistical graphics, medicine and other fields. Along the way, developments in technologies (printing, reproduction), mathematical theory and practice, and empirical observation and recording enabled the wider use of graphics and new advances in form and content.","2008","2017-09-07 20:03:36","2017-09-07 20:03:36","2016-01-19 20:53:21","15-56","","","","","","","","","","","Springer Berlin Heidelberg","","en","©2008 Springer-Verlag","","","","link.springer.com.ezp-prod1.hul.harvard.edu","","","","","http://link.springer.com.ezp-prod1.hul.harvard.edu/chapter/10.1007/978-3-540-33037-0_2","","Computational Biology/Bioinformatics; Computer Applications; Computer Imaging, Vision, Pattern Recognition and Graphics; Statistical Theory and Methods; Statistics and Computing/Statistics Programs","","","","","","","","","","","","","","","","","","","","","","","","","","","","","","","","","","","","","","","","","","","","","",""
"XUNFU9S9","webpage","2014","Groelmund, Garrett","The R Markdown Cheat sheet","RStudio","","","","http://shiny.rstudio.com/articles/rm-cheatsheet.html","","2014-08-01","2017-09-07 20:03:36","2017-09-07 20:03:36","2016-01-19 21:17:28","","","","","","","","","","","","","","","","","","","","","","<p>code chunk:```[r]```  </p> <p>inline code</p> <p> </p> <p>what is shiny?</p>","","http://shiny.rstudio.com/articles/rm-cheatsheet.html","","","","","","","","","","","","","","","","","","","","","","","","","","","","","","","","","","","","","","","","","","","","","","","",""
"KWFASPNU","blogPost","2016","Leong, B; Polonetsky, J","Passing the Privacy Test as Student Data Laws Take Effect","EdSurge","","","","https://www.edsurge.com/news/2016-01-12-passing-the-privacy-test-as-student-data-laws-take-effect","On January 1, 2016, “ 	SOPIPA”—the recently passed California student data privacy law that defines how edtech companies can use student data became effective. About 25 other states have passed similar laws that are already in effect, or will become effective.  At the same time, more than 200 sc","2016-01-12","2017-09-07 20:03:37","2017-09-07 20:03:37","2016-01-19 23:17:28","","","","","","","","","","","","","","","","","","","","","","","","https://www.edsurge.com/news/2016-01-12-passing-the-privacy-test-as-student-data-laws-take-effect?utm_content=bufferc0042&utm_medium=social&utm_source=twitter.com&utm_campaign=buffer","","","","","","","","","","","","","","","","","","","","","","","","","","","","","","","","","","","","","","","","","","","","","","","",""
"2SYUDKEJ","conferencePaper","2013","Ridgway, Jim; Smith, Alan","Open data, official statistics and statistics education: threats, and opportunities for collaboration","Proceedings of the Joint IASEIAOS Satellite Conference “Statistics Education for Progress”, Macao, China","","","","http://iase-web.org/documents/papers/sat2013/IASE_IAOS_2013_Paper_K3_Ridgway_Smith.pdf","","2013","2017-09-07 20:03:38","2017-09-07 20:03:38","","","","","","","","","","","","","","","","","","","","","","","","","","","","","","","","","","","","","","","","","","","","","","","","","","","","","","","","","","","","","","","","","","","","","","","","",""
"T3ICT4AY","conferencePaper","2013","san Pedro, Maria Ofelia; Baker, Ryan; Bowers, Alex; Heffernan, Neil","Predicting college enrollment from student interaction with an intelligent tutoring system in middle school","Educational Data Mining 2013","","","","","","2013","2017-09-07 20:03:38","2017-09-07 20:03:38","","","","","","","","","","","","","","","","","","","","","","","","","","","","","","","","","","","","","","","","","","","","","","","","","","","","","","","","","","","","","","","","","","","","","","","","",""
"QHND85HN","webpage","","","Redirect Notification","","","","","https://www.lynda.com/course/shareredirect/120612?org=nyu.edu","","","2017-10-11 16:19:06","2017-10-11 16:19:06","2017-10-11 16:19:06","","","","","","","","","","","","","","","","","","","","","","","/Users/ewenne/Zotero/storage/WS5HIFCM/120612.html","","","","","","","","","","","","","","","","","","","","","","","","","","","","","","","","","","","","","","","","","","","","","","","","",""
"J3FRUA6T","webpage","2015","","The Learning Analytics Landscape: Tension Between Student Privacy and the Process of Data Mining","Carnegie Foundation for the Advancement of Teaching","","","","https://www.carnegiefoundation.org/blog/the-learning-analytics-landscape-tension-between-student-privacy-and-the-process-of-data-mining/","Data mining is a powerful tool being used by educational institutions to support student success, but often students do not know what data are being","2015-11-06","2017-10-11 18:27:13","2017-10-11 18:27:13","2017-10-11 18:27:13","","","","","","","The Learning Analytics Landscape","","","","","","","","","","","","","","","","/Users/ewenne/Zotero/storage/IWTE8GCX/the-learning-analytics-landscape-tension-between-student-privacy-and-the-process-of-data-mining.html","","","","","","","","","","","","","","","","","","","","","","","","","","","","","","","","","","","","","","","","","","","","","","","","",""
"I3PEDHP4","webpage","","Zhang, Yuwen","K-Means Clustering","","","","","","","","2017-10-24 16:12:08","2017-10-24 16:13:18","","","","","","","","","","","","","","","","","","","","","","","<p>Use:<span style=""color: #000000; font-family: 'PingFang SC'; font-size: medium; font-style: normal; font-variant-ligatures: normal; font-variant-caps: normal; font-weight: normal; letter-spacing: normal; orphans: 2; text-align: start; text-indent: 0px; text-transform: none; white-space: normal; widows: 2; word-spacing: 0px; -webkit-text-stroke-width: 0px; text-decoration-style: initial; text-decoration-color: initial; display: inline !important; float: none;"">We begin with two centroids. These are computed by splitting all points on the variable (dimension) with greatest range (or some other measure of spread). The split separates points above the mean (or some other measure of location) on this variable from those below the mean. Centroids are then computed for each group by averaging coordinates of its members. Then we do an entire k-means cycle (assignments plus iterations). After convergence, we move to computing three centroids. Again, we split the cluster having the largest range on a variable into two clusters (one above and one below the mean on this variable). New centroids are computed and another k-means cycle is performed. We continue this process until we reach the desired number (</span><em style=""color: #000000; font-family: 'PingFang SC'; font-size: medium; font-variant-ligatures: normal; font-variant-caps: normal; font-weight: normal; letter-spacing: normal; orphans: 2; text-align: start; text-indent: 0px; text-transform: none; white-space: normal; widows: 2; word-spacing: 0px; -webkit-text-stroke-width: 0px; text-decoration-style: initial; text-decoration-color: initial;"">k</em><span style=""color: #000000; font-family: 'PingFang SC'; font-size: medium; font-style: normal; font-variant-ligatures: normal; font-variant-caps: normal; font-weight: normal; letter-spacing: normal; orphans: 2; text-align: start; text-indent: 0px; text-transform: none; white-space: normal; widows: 2; word-spacing: 0px; -webkit-text-stroke-width: 0px; text-decoration-style: initial; text-decoration-color: initial; display: inline !important; float: none;"">)of centroids.</span></p> <p>Limitation:<span style=""color: #000000; font-family: 'PingFang SC'; font-size: medium; font-style: normal; font-variant-ligatures: normal; font-variant-caps: normal; font-weight: normal; letter-spacing: normal; orphans: 2; text-align: start; text-indent: 0px; text-transform: none; white-space: normal; widows: 2; word-spacing: 0px; -webkit-text-stroke-width: 0px; text-decoration-style: initial; text-decoration-color: initial; display: inline !important; float: none;"">Starting with arbitrary random centroids is a relatively poor method</span></p>","","","","","","","","","","","","","","","","","","","","","","","","","","","","","","","","","","","","","","","","","","","","","","","","","",""
"8DZIM5H2","videoRecording","","Udacity","Feature Selection - Georgia Tech - Machine Learning","","","","","https://www.youtube.com/watch?v=8CpRLplmdqE","","","2017-11-07 15:47:36","2017-11-07 15:47:36","2017-11-07 15:47:36","","","","","","","","","","","","","","","","","","","YouTube","","","<p>1. human being</p> <p>    - knowledge discovery </p> <p>        interpretability: people ignore in machine learning field (data-mining field less ignore)</p> <p>        insight</p> <p>     - curse &amp; dimensionality</p> <p>         feature selection</p> <p>2. machine &amp; machine learning algorithms</p> <p> </p> <p> </p> <p> </p> <p>important features!!!</p>","","","","computer science; Georgia Tech; machine learning; Udacity; unsupervised learning","","","","","","","","","","","","","","","","","","","","","194 seconds","","","","","","","","","","","","","","","","","","","","","","","","",""
"KLNF9NSM","videoRecording","","ColumbiaLearn","Big Data in Education 7.1 Clustering","","","","","https://www.youtube.com/watch?v=mgXm3AwLxP8&feature=youtu.be","","","2017-11-07 16:09:33","2017-11-07 16:09:33","2017-11-07 16:09:32","","","","","","","","","","","","","","","","","","","YouTube","","","<p>1. decide how many clusters we want</p> <p>2. centroids: random -- voronoi diagram -- re fit -- convergence</p> <p>3. run several times...</p> <p> </p> <p>k should be 3 rather than 5.. ?</p>","","","","","","","","","","","","","","","","","","","","","","","","","820 seconds","","","","","","","","","","","","","","","","","","","","","","","","",""
"JG8RMVXH","webpage","2017","","Chapter 12","Society for Learning Analytics Research (SoLAR)","","","","https://solaresearch.org/hla-17/hla17-chapter12/","Handbook of Learning Analytics First Edition Learning Analytics Dashboards Joris Klerkx, Katrien Verbert & Erik Duval Download Chapter Download Book Abstract This chapter presents learning anal…","2017-05-11","2017-11-09 14:16:08","2017-11-09 14:16:08","2017-11-09 14:16:08","","","","","","","","","","","","","","","","","","","","","","<div class=""page"" title=""Page 2""> <div class=""section""> <div class=""layoutArea""> <div class=""column""> <p><span style=""font-size: 9.000000pt; font-family: 'Lora';"">As for what can be incorporated into a dashboard, </span></p> <ol style=""list-style-type: decimal;""> <li style=""font-size: 9.000000pt; font-family: 'Lora'; font-style: italic;""> <p><span style=""font-size: 9.000000pt; font-family: 'Lora'; font-style: italic;"">Artefacts produced </span><span style=""font-size: 9.000000pt; font-family: 'Lora';"">by learners, including blog posts, shared documents, software, and other artefacts that would often end up in a student project portfolio. </span></p> </li> <li style=""font-size: 9.000000pt; font-family: 'Lora'; font-style: italic;""> <p><span style=""font-size: 9.000000pt; font-family: 'Lora'; font-style: italic;"">Social interaction</span><span style=""font-size: 9.000000pt; font-family: 'Lora';"">, including speech in face-to-face group work, blog comments, Twitter or discussion forum interactions. </span></p> </li> <li style=""font-size: 9.000000pt; font-family: 'Lora'; font-style: italic;""> <p><span style=""font-size: 9.000000pt; font-family: 'Lora'; font-style: italic;"">Resource use </span><span style=""font-size: 9.000000pt; font-family: 'Lora';"">can include consultation of documents (manuals, web pages, slides), views of videos, et cetera. Techniques like software trackers and eye-tracking can provide detailed information </span> <span style=""font-size: 9.000000pt; font-family: 'Lora';"">used and how. </span></p> <div class=""page"" title=""Page 3""> <div class=""section""> <div class=""layoutArea""> <div class=""column""> <ol style=""list-style-type: decimal;"" start=""4""> <li style=""font-size: 9.000000pt; font-family: 'Lora'; font-style: italic;""> <p><span style=""font-size: 9.000000pt; font-family: 'Lora'; font-style: italic;"">Time spent </span><span style=""font-size: 9.000000pt; font-family: 'Lora';"">can be useful for teachers to identify students at risk and for students to compare their own efforts with those of their peers. </span></p> </li> <li style=""font-size: 9.000000pt; font-family: 'Lora'; font-style: italic;""> <p><span style=""font-size: 9.000000pt; font-family: 'Lora'; font-style: italic;"">Test and self-assessment </span><span style=""font-size: 9.000000pt; font-family: 'Lora';"">results can provide an indication of learning progress. </span></p> </li> </ol> </div> </div> </div> </div> </li> </ol> </div> </div> </div> </div>","/Users/ewenne/Zotero/storage/36RWH57C/hla17-chapter12.html","","","","","","","","","","","","","","","","","","","","","","","","","","","","","","","","","","","","","","","","","","","","","","","","",""
"AHKFR6MC","webpage","","","Junk Charts Trifecta Checkup: The Definitive Guide","Junk Charts","","","","http://junkcharts.typepad.com/junk_charts/junk-charts-trifecta-checkup-the-definitive-guide.html","The Junk Charts Trifecta Checkup is a general framework for data visualization criticism. It captures how I like to organize the thinking behind my critique pieces. The need for such a framework is clear. Opinion pieces on specific data graphics...","","2017-11-09 15:09:59","2017-11-09 15:09:59","2017-11-09 15:09:59","","","","","","","Junk Charts Trifecta Checkup","","","","","","","","","","","","","","","<p style=""box-sizing: border-box; margin: 10px 0px; text-align: left; color: #333333; font-family: Georgia, 'Times New Roman', serif; font-size: 15.6px; font-style: normal; font-variant-ligatures: normal; font-variant-caps: normal; font-weight: normal; letter-spacing: normal; orphans: 2; text-indent: 26px; text-transform: none; white-space: normal; widows: 2; word-spacing: 0px; -webkit-text-stroke-width: 0px; background-color: #ffffff; text-decoration-style: initial; text-decoration-color: initial;""><span style=""box-sizing: border-box; font-size: 11pt; font-family: arial, helvetica, sans-serif;"">The Question occupies the top corner because any data visualization project needs a worthy cause. I'd like the Question to be well-posed, and interesting; the former focuses the search for appropriate data while the latter ensures an engaged audience.</span></p> <p style=""box-sizing: border-box; margin: 10px 0px; text-align: left; color: #333333; font-family: Georgia, 'Times New Roman', serif; font-size: 15.6px; font-style: normal; font-variant-ligatures: normal; font-variant-caps: normal; font-weight: normal; letter-spacing: normal; orphans: 2; text-indent: 26px; text-transform: none; white-space: normal; widows: 2; word-spacing: 0px; -webkit-text-stroke-width: 0px; background-color: #ffffff; text-decoration-style: initial; text-decoration-color: initial;""><span style=""box-sizing: border-box; font-size: 11pt; font-family: arial, helvetica, sans-serif;"">The Data should be relevant to the Question being addressed. Relevance can often be augmented by reducing noise, removing errors or transformations.</span></p> <p style=""box-sizing: border-box; margin: 10px 0px; text-align: left; color: #333333; font-family: Georgia, 'Times New Roman', serif; font-size: 15.6px; font-style: normal; font-variant-ligatures: normal; font-variant-caps: normal; font-weight: normal; letter-spacing: normal; orphans: 2; text-indent: 26px; text-transform: none; white-space: normal; widows: 2; word-spacing: 0px; -webkit-text-stroke-width: 0px; background-color: #ffffff; text-decoration-style: initial; text-decoration-color: initial;""><span style=""box-sizing: border-box; font-size: 11pt; font-family: arial, helvetica, sans-serif;"">The Visual elements should represent the Data in a clear, concise manner, addressing the Question directly.<br /></span></p> <p style=""box-sizing: border-box; margin: 10px 0px; text-align: left; color: #333333; font-family: Georgia, 'Times New Roman', serif; font-size: 15.6px; font-style: normal; font-variant-ligatures: normal; font-variant-caps: normal; font-weight: normal; letter-spacing: normal; orphans: 2; text-indent: 26px; text-transform: none; white-space: normal; widows: 2; word-spacing: 0px; -webkit-text-stroke-width: 0px; background-color: #ffffff; text-decoration-style: initial; text-decoration-color: initial;""> </p> <p style=""box-sizing: border-box; margin: 10px 0px; text-align: left; color: #333333; font-family: Georgia, 'Times New Roman', serif; font-size: 15.6px; font-style: normal; font-variant-ligatures: normal; font-variant-caps: normal; font-weight: normal; letter-spacing: normal; orphans: 2; text-indent: 26px; text-transform: none; white-space: normal; widows: 2; word-spacing: 0px; -webkit-text-stroke-width: 0px; background-color: #ffffff; text-decoration-style: initial; text-decoration-color: initial;""><span style=""box-sizing: border-box; font-size: 11pt; font-family: arial, helvetica, sans-serif;""><strong style=""box-sizing: border-box; font-weight: bold; color: #333333; font-family: Georgia, 'Times New Roman', serif; font-size: 15.6px; font-style: normal; font-variant-ligatures: normal; font-variant-caps: normal; letter-spacing: normal; orphans: 2; text-align: left; text-indent: 26px; text-transform: none; white-space: normal; widows: 2; word-spacing: 0px; -webkit-text-stroke-width: 0px; background-color: #ffffff; text-decoration-style: initial; text-decoration-color: initial;""><span style=""box-sizing: border-box; color: #4a234a;"">0. The trifecta</span></strong></span></p> <p style=""box-sizing: border-box; margin: 10px 0px; text-align: left; color: #333333; font-family: Georgia, 'Times New Roman', serif; font-size: 15.6px; font-style: normal; font-variant-ligatures: normal; font-variant-caps: normal; font-weight: normal; letter-spacing: normal; orphans: 2; text-indent: 26px; text-transform: none; white-space: normal; widows: 2; word-spacing: 0px; -webkit-text-stroke-width: 0px; background-color: #ffffff; text-decoration-style: initial; text-decoration-color: initial;""><span style=""box-sizing: border-box; font-size: 11pt; font-family: arial, helvetica, sans-serif;""><strong style=""box-sizing: border-box; font-weight: bold; color: #333333; font-family: Georgia, 'Times New Roman', serif; font-size: 15.6px; font-style: normal; font-variant-ligatures: normal; font-variant-caps: normal; letter-spacing: normal; orphans: 2; text-align: left; text-indent: 26px; text-transform: none; white-space: normal; widows: 2; word-spacing: 0px; -webkit-text-stroke-width: 0px; background-color: #ffffff; text-decoration-style: initial; text-decoration-color: initial;""><strong style=""box-sizing: border-box; font-weight: bold; color: #4a234a; font-family: arial, helvetica, sans-serif; font-size: 14.6667px; font-style: normal; font-variant-ligatures: normal; font-variant-caps: normal; letter-spacing: normal; orphans: 2; text-align: left; text-indent: 26px; text-transform: none; white-space: normal; widows: 2; word-spacing: 0px; -webkit-text-stroke-width: 0px; background-color: #ffffff; text-decoration-style: initial; text-decoration-color: initial;"">1. The singles</strong></strong></span></p> <p style=""box-sizing: border-box; margin: 10px 0px; text-align: left; color: #333333; font-family: Georgia, 'Times New Roman', serif; font-size: 15.6px; font-style: normal; font-variant-ligatures: normal; font-variant-caps: normal; font-weight: normal; letter-spacing: normal; orphans: 2; text-indent: 26px; text-transform: none; white-space: normal; widows: 2; word-spacing: 0px; -webkit-text-stroke-width: 0px; background-color: #ffffff; text-decoration-style: initial; text-decoration-color: initial;""><span style=""box-sizing: border-box; font-size: 11pt; font-family: arial, helvetica, sans-serif;""><strong style=""box-sizing: border-box; font-weight: bold; color: #333333; font-family: Georgia, 'Times New Roman', serif; font-size: 15.6px; font-style: normal; font-variant-ligatures: normal; font-variant-caps: normal; letter-spacing: normal; orphans: 2; text-align: left; text-indent: 26px; text-transform: none; white-space: normal; widows: 2; word-spacing: 0px; -webkit-text-stroke-width: 0px; background-color: #ffffff; text-decoration-style: initial; text-decoration-color: initial;""><strong style=""box-sizing: border-box; font-weight: bold; color: #4a234a; font-family: arial, helvetica, sans-serif; font-size: 14.6667px; font-style: normal; font-variant-ligatures: normal; font-variant-caps: normal; letter-spacing: normal; orphans: 2; text-align: left; text-indent: 26px; text-transform: none; white-space: normal; widows: 2; word-spacing: 0px; -webkit-text-stroke-width: 0px; background-color: #ffffff; text-decoration-style: initial; text-decoration-color: initial;""><span style=""box-sizing: border-box; font-size: 11pt; font-family: arial, helvetica, sans-serif; color: #4a234a;"">1a. Type Q   definition <br /></span></strong></strong></span></p> <p style=""box-sizing: border-box; margin: 10px 0px; text-align: left; color: #333333; font-family: Georgia, 'Times New Roman', serif; font-size: 15.6px; font-style: normal; font-variant-ligatures: normal; font-variant-caps: normal; font-weight: normal; letter-spacing: normal; orphans: 2; text-indent: 26px; text-transform: none; white-space: normal; widows: 2; word-spacing: 0px; -webkit-text-stroke-width: 0px; background-color: #ffffff; text-decoration-style: initial; text-decoration-color: initial;""><span style=""box-sizing: border-box; font-size: 11pt; font-family: arial, helvetica, sans-serif;""><strong style=""box-sizing: border-box; font-weight: bold; color: #333333; font-family: Georgia, 'Times New Roman', serif; font-size: 15.6px; font-style: normal; font-variant-ligatures: normal; font-variant-caps: normal; letter-spacing: normal; orphans: 2; text-align: left; text-indent: 26px; text-transform: none; white-space: normal; widows: 2; word-spacing: 0px; -webkit-text-stroke-width: 0px; background-color: #ffffff; text-decoration-style: initial; text-decoration-color: initial;""><strong style=""box-sizing: border-box; font-weight: bold; color: #4a234a; font-family: arial, helvetica, sans-serif; font-size: 14.6667px; font-style: normal; font-variant-ligatures: normal; font-variant-caps: normal; letter-spacing: normal; orphans: 2; text-align: left; text-indent: 26px; text-transform: none; white-space: normal; widows: 2; word-spacing: 0px; -webkit-text-stroke-width: 0px; background-color: #ffffff; text-decoration-style: initial; text-decoration-color: initial;""><span style=""box-sizing: border-box; font-size: 11pt; font-family: arial, helvetica, sans-serif; color: #4a234a;""><span style=""box-sizing: border-box; font-size: 11pt; font-family: arial, helvetica, sans-serif; color: #451528;"">1b. Type D    data<br /></span></span></strong></strong></span></p> <p style=""box-sizing: border-box; margin: 10px 0px; text-align: left; color: #333333; font-family: Georgia, 'Times New Roman', serif; font-size: 15.6px; font-style: normal; font-variant-ligatures: normal; font-variant-caps: normal; font-weight: normal; letter-spacing: normal; orphans: 2; text-indent: 26px; text-transform: none; white-space: normal; widows: 2; word-spacing: 0px; -webkit-text-stroke-width: 0px; background-color: #ffffff; text-decoration-style: initial; text-decoration-color: initial;""><span style=""box-sizing: border-box; font-size: 11pt; font-family: arial, helvetica, sans-serif;""><strong style=""box-sizing: border-box; font-weight: bold; color: #333333; font-family: Georgia, 'Times New Roman', serif; font-size: 15.6px; font-style: normal; font-variant-ligatures: normal; font-variant-caps: normal; letter-spacing: normal; orphans: 2; text-align: left; text-indent: 26px; text-transform: none; white-space: normal; widows: 2; word-spacing: 0px; -webkit-text-stroke-width: 0px; background-color: #ffffff; text-decoration-style: initial; text-decoration-color: initial;""><strong style=""box-sizing: border-box; font-weight: bold; color: #4a234a; font-family: arial, helvetica, sans-serif; font-size: 14.6667px; font-style: normal; font-variant-ligatures: normal; font-variant-caps: normal; letter-spacing: normal; orphans: 2; text-align: left; text-indent: 26px; text-transform: none; white-space: normal; widows: 2; word-spacing: 0px; -webkit-text-stroke-width: 0px; background-color: #ffffff; text-decoration-style: initial; text-decoration-color: initial;""><span style=""box-sizing: border-box; font-size: 11pt; font-family: arial, helvetica, sans-serif; color: #4a234a;""><span style=""box-sizing: border-box; font-size: 11pt; font-family: arial, helvetica, sans-serif; color: #451528;"">1c. Type V    confusion<br /></span></span></strong></strong></span></p> <p style=""box-sizing: border-box; margin: 10px 0px; text-align: left; color: #333333; font-family: Georgia, 'Times New Roman', serif; font-size: 15.6px; font-style: normal; font-variant-ligatures: normal; font-variant-caps: normal; font-weight: normal; letter-spacing: normal; orphans: 2; text-indent: 26px; text-transform: none; white-space: normal; widows: 2; word-spacing: 0px; -webkit-text-stroke-width: 0px; background-color: #ffffff; text-decoration-style: initial; text-decoration-color: initial;""><span style=""box-sizing: border-box; font-size: 11pt; font-family: arial, helvetica, sans-serif;""><strong style=""box-sizing: border-box; font-weight: bold; color: #333333; font-family: Georgia, 'Times New Roman', serif; font-size: 15.6px; font-style: normal; font-variant-ligatures: normal; font-variant-caps: normal; letter-spacing: normal; orphans: 2; text-align: left; text-indent: 26px; text-transform: none; white-space: normal; widows: 2; word-spacing: 0px; -webkit-text-stroke-width: 0px; background-color: #ffffff; text-decoration-style: initial; text-decoration-color: initial;""><strong style=""box-sizing: border-box; font-weight: bold; color: #4a234a; font-family: arial, helvetica, sans-serif; font-size: 14.6667px; font-style: normal; font-variant-ligatures: normal; font-variant-caps: normal; letter-spacing: normal; orphans: 2; text-align: left; text-indent: 26px; text-transform: none; white-space: normal; widows: 2; word-spacing: 0px; -webkit-text-stroke-width: 0px; background-color: #ffffff; text-decoration-style: initial; text-decoration-color: initial;""><span style=""box-sizing: border-box; font-size: 11pt; font-family: arial, helvetica, sans-serif; color: #4a234a;""><span style=""box-sizing: border-box; font-size: 11pt; font-family: arial, helvetica, sans-serif; color: #451528;"">2. Doubles</span></span></strong></strong></span></p> <p style=""box-sizing: border-box; margin: 10px 0px; text-align: left; color: #333333; font-family: Georgia, 'Times New Roman', serif; font-size: 15.6px; font-style: normal; font-variant-ligatures: normal; font-variant-caps: normal; font-weight: normal; letter-spacing: normal; orphans: 2; text-indent: 26px; text-transform: none; white-space: normal; widows: 2; word-spacing: 0px; -webkit-text-stroke-width: 0px; background-color: #ffffff; text-decoration-style: initial; text-decoration-color: initial;""><span style=""box-sizing: border-box; font-size: 11pt; font-family: arial, helvetica, sans-serif;""><strong style=""box-sizing: border-box; font-weight: bold; color: #333333; font-family: Georgia, 'Times New Roman', serif; font-size: 15.6px; font-style: normal; font-variant-ligatures: normal; font-variant-caps: normal; letter-spacing: normal; orphans: 2; text-align: left; text-indent: 26px; text-transform: none; white-space: normal; widows: 2; word-spacing: 0px; -webkit-text-stroke-width: 0px; background-color: #ffffff; text-decoration-style: initial; text-decoration-color: initial;""><strong style=""box-sizing: border-box; font-weight: bold; color: #4a234a; font-family: arial, helvetica, sans-serif; font-size: 14.6667px; font-style: normal; font-variant-ligatures: normal; font-variant-caps: normal; letter-spacing: normal; orphans: 2; text-align: left; text-indent: 26px; text-transform: none; white-space: normal; widows: 2; word-spacing: 0px; -webkit-text-stroke-width: 0px; background-color: #ffffff; text-decoration-style: initial; text-decoration-color: initial;""><span style=""box-sizing: border-box; font-size: 11pt; font-family: arial, helvetica, sans-serif; color: #4a234a;""><span style=""box-sizing: border-box; font-size: 11pt; font-family: arial, helvetica, sans-serif; color: #451528;"">2a. Type QD   <br /></span></span></strong></strong></span></p> <p style=""box-sizing: border-box; margin: 10px 0px; text-align: left; color: #333333; font-family: Georgia, 'Times New Roman', serif; font-size: 15.6px; font-style: normal; font-variant-ligatures: normal; font-variant-caps: normal; font-weight: normal; letter-spacing: normal; orphans: 2; text-indent: 26px; text-transform: none; white-space: normal; widows: 2; word-spacing: 0px; -webkit-text-stroke-width: 0px; background-color: #ffffff; text-decoration-style: initial; text-decoration-color: initial;""><span style=""box-sizing: border-box; font-size: 11pt; font-family: arial, helvetica, sans-serif;""><strong style=""box-sizing: border-box; font-weight: bold; color: #333333; font-family: Georgia, 'Times New Roman', serif; font-size: 15.6px; font-style: normal; font-variant-ligatures: normal; font-variant-caps: normal; letter-spacing: normal; orphans: 2; text-align: left; text-indent: 26px; text-transform: none; white-space: normal; widows: 2; word-spacing: 0px; -webkit-text-stroke-width: 0px; background-color: #ffffff; text-decoration-style: initial; text-decoration-color: initial;""><strong style=""box-sizing: border-box; font-weight: bold; color: #4a234a; font-family: arial, helvetica, sans-serif; font-size: 14.6667px; font-style: normal; font-variant-ligatures: normal; font-variant-caps: normal; letter-spacing: normal; orphans: 2; text-align: left; text-indent: 26px; text-transform: none; white-space: normal; widows: 2; word-spacing: 0px; -webkit-text-stroke-width: 0px; background-color: #ffffff; text-decoration-style: initial; text-decoration-color: initial;""><span style=""box-sizing: border-box; font-size: 11pt; font-family: arial, helvetica, sans-serif; color: #4a234a;""><span style=""box-sizing: border-box; font-size: 11pt; font-family: arial, helvetica, sans-serif; color: #451528;"">2b. Type QV</span></span></strong></strong></span></p> <p style=""box-sizing: border-box; margin: 10px 0px; text-align: left; color: #333333; font-family: Georgia, 'Times New Roman', serif; font-size: 15.6px; font-style: normal; font-variant-ligatures: normal; font-variant-caps: normal; font-weight: normal; letter-spacing: normal; orphans: 2; text-indent: 26px; text-transform: none; white-space: normal; widows: 2; word-spacing: 0px; -webkit-text-stroke-width: 0px; background-color: #ffffff; text-decoration-style: initial; text-decoration-color: initial;""><span style=""box-sizing: border-box; font-size: 11pt; font-family: arial, helvetica, sans-serif;""><strong style=""box-sizing: border-box; font-weight: bold; color: #333333; font-family: Georgia, 'Times New Roman', serif; font-size: 15.6px; font-style: normal; font-variant-ligatures: normal; font-variant-caps: normal; letter-spacing: normal; orphans: 2; text-align: left; text-indent: 26px; text-transform: none; white-space: normal; widows: 2; word-spacing: 0px; -webkit-text-stroke-width: 0px; background-color: #ffffff; text-decoration-style: initial; text-decoration-color: initial;""><strong style=""box-sizing: border-box; font-weight: bold; color: #4a234a; font-family: arial, helvetica, sans-serif; font-size: 14.6667px; font-style: normal; font-variant-ligatures: normal; font-variant-caps: normal; letter-spacing: normal; orphans: 2; text-align: left; text-indent: 26px; text-transform: none; white-space: normal; widows: 2; word-spacing: 0px; -webkit-text-stroke-width: 0px; background-color: #ffffff; text-decoration-style: initial; text-decoration-color: initial;""><span style=""box-sizing: border-box; font-size: 11pt; font-family: arial, helvetica, sans-serif; color: #4a234a;""><span style=""box-sizing: border-box; font-size: 11pt; font-family: arial, helvetica, sans-serif; color: #451528;"">2c. Type DV</span></span></strong></strong></span></p> <p style=""box-sizing: border-box; margin: 10px 0px; text-align: left; color: #333333; font-family: Georgia, 'Times New Roman', serif; font-size: 15.6px; font-style: normal; font-variant-ligatures: normal; font-variant-caps: normal; font-weight: normal; letter-spacing: normal; orphans: 2; text-indent: 26px; text-transform: none; white-space: normal; widows: 2; word-spacing: 0px; -webkit-text-stroke-width: 0px; background-color: #ffffff; text-decoration-style: initial; text-decoration-color: initial;""><span style=""box-sizing: border-box; font-size: 11pt; font-family: arial, helvetica, sans-serif;""><strong style=""box-sizing: border-box; font-weight: bold; color: #333333; font-family: Georgia, 'Times New Roman', serif; font-size: 15.6px; font-style: normal; font-variant-ligatures: normal; font-variant-caps: normal; letter-spacing: normal; orphans: 2; text-align: left; text-indent: 26px; text-transform: none; white-space: normal; widows: 2; word-spacing: 0px; -webkit-text-stroke-width: 0px; background-color: #ffffff; text-decoration-style: initial; text-decoration-color: initial;""><strong style=""box-sizing: border-box; font-weight: bold; color: #4a234a; font-family: arial, helvetica, sans-serif; font-size: 14.6667px; font-style: normal; font-variant-ligatures: normal; font-variant-caps: normal; letter-spacing: normal; orphans: 2; text-align: left; text-indent: 26px; text-transform: none; white-space: normal; widows: 2; word-spacing: 0px; -webkit-text-stroke-width: 0px; background-color: #ffffff; text-decoration-style: initial; text-decoration-color: initial;""><span style=""box-sizing: border-box; font-size: 11pt; font-family: arial, helvetica, sans-serif; color: #4a234a;""><span style=""box-sizing: border-box; font-size: 11pt; font-family: arial, helvetica, sans-serif; color: #451528;"">3. Triple (Type QDV)</span></span></strong></strong></span></p>","","","","","","","","","","","","","","","","","","","","","","","","","","","","","","","","","","","","","","","","","","","","","","","","","",""
"K7GTJSQ5","videoRecording","","ColumbiaLearn","Big Data in Education 7.2 Validation and Selection","","","","","https://www.youtube.com/watch?v=B9dvJYwBfmk&feature=youtu.be","","","2017-11-10 11:15:19","2017-11-10 11:15:19","2017-11-10 11:15:19","","","","","","","","","","","","","","","","","","","YouTube","","","<p>distortion (mean squared deviation)</p> <p>distance</p> <p>cross-validation -- centres chosen --- penalize model</p>","","","","","","","","","","","","","","","","","","","","","","","","","322 seconds","","","","","","","","","","","","","","","","","","","","","","","","",""
"GYAAVZ3S","videoRecording","","ColumbiaLearn","Big Data in Education 7.6 Knowledge Inference: Q-Matrix Knowledge Structure","","","","","https://www.youtube.com/watch?v=oFSV6-opnws&feature=youtu.be","","","2017-11-10 11:23:35","2017-11-10 11:23:35","2017-11-10 11:23:35","","","","","","","Big Data in Education 7.6 Knowledge Inference","","","","","","","","","","","","YouTube","","","<p>1. automatic model discovery:conjunctive &amp; compensatory</p> <p>2. hand-development &amp; refinement</p>","","","","","","","","","","","","","","","","","","","","","","","","","527 seconds","","","","","","","","","","","","","","","","","","","","","","","","",""
"3EH46LFQ","webpage","","","Introduction to Social Network Methods:  Chapter 1: Social Network Data","","","","","http://faculty.ucr.edu/~hanneman/nettext/C1_Social_Network_Data.html","","","2017-11-10 15:50:43","2017-11-10 15:50:43","2017-11-10 15:50:43","","","","","","","","","","","","","","","","","","","","","","<p>1. nodes &amp; edges</p> <p> </p> <p>2. Most social network analysts think of individual persons as being embedded in networks that are embedded in networks that are embedded in networks. Network analysts describe such structures as ""multi-modal.""</p> <p>Statistical analysts deal with the same issues as ""hierarchical"" or ""nested"" designs.</p> <p> </p> <p> </p> <p> </p> <p>3. full network methods</p> <p>snowball methods</p> <p>ego-centric networks (with after connections)</p> <p>ego-centric networks (ego only)</p> <p> </p> <p> </p> <p> </p> <p>4. If we do not know what relations to examine, how might we decide? There are a number of conceptual approaches that might be of assistance. Systems theory, for example, suggests two domains: material and informational.</p> <p>Many interesting areas of work such as network correlation, multi-dimensional scaling and clustering, and role algebras have been developed to work with multi-relational data.</p> <p> </p> <p>5. Binary measures of relations</p> <p>Multiple-category nominal measures of relations</p> <p>Grouped ordinal measures of relations</p> <p>Full-rank ordinal measures of relations</p> <p>Interval measures of relations</p> <p> </p> <p> </p> <p>5. Social network data are, as we have pointed out, easily represented as arrays of numbers -- just like other types of sociological data.</p> <p>Algorithms from statistics are commonly used to describe characteristics of individual observations (e.g. the median tie strength of actor X with all other actors in the network) and the network as a whole (e.g. the mean of all tie strengths among all actors in the network). Statistical algorithms are very heavily used in assessing the degree of similarity among actors, and if finding patterns in network data (e.g. factor analysis, cluster analysis, multi-dimensional scaling). Even the tools of predictive modeling are commonly applied to network data (e.g. correlation and regression).</p>","/Users/ewenne/Zotero/storage/H56ST8JY/C1_Social_Network_Data.html","","","","","","","","","","","","","","","","","","","","","","","","","","","","","","","","","","","","","","","","","","","","","","","","",""
"3CMRLIZ4","webpage","","","Cluster","","","","","https://www.cs.uic.edu/~wilkinson/Applets/cluster.html","","","2017-12-11 15:39:45","2017-12-11 15:39:45","2017-12-11 15:39:45","","","","","","","","","","","","","","","","","","","","","","<p>1.<span style=""color: #000000; font-family: 'PingFang SC'; font-size: medium; font-style: normal; font-variant-ligatures: normal; font-variant-caps: normal; font-weight: 400; letter-spacing: normal; orphans: 2; text-align: start; text-indent: 0px; text-transform: none; white-space: normal; widows: 2; word-spacing: 0px; -webkit-text-stroke-width: 0px; text-decoration-style: initial; text-decoration-color: initial; display: inline !important; float: none;"">After each assignment, we need to update the assigned centroid by adding in the coordinates of the new point (a simple calculation). Assigning all points to a set of successively updated centroids constitutes one iteration of the k-means algorithm</span></p> <p> </p> <p><span style=""color: #000000; font-family: 'PingFang SC'; font-size: medium; font-style: normal; font-variant-ligatures: normal; font-variant-caps: normal; font-weight: 400; letter-spacing: normal; orphans: 2; text-align: start; text-indent: 0px; text-transform: none; white-space: normal; widows: 2; word-spacing: 0px; -webkit-text-stroke-width: 0px; text-decoration-style: initial; text-decoration-color: initial; display: inline !important; float: none;"">2.we need to know <em style=""color: #000000; font-family: 'PingFang SC'; font-size: medium; font-variant-ligatures: normal; font-variant-caps: normal; font-weight: 400; letter-spacing: normal; orphans: 2; text-align: start; text-indent: 0px; text-transform: none; white-space: normal; widows: 2; word-spacing: 0px; -webkit-text-stroke-width: 0px; text-decoration-style: initial; text-decoration-color: initial;"">k</em> to find clusters and we need to identify clusters to determine <em style=""color: #000000; font-family: 'PingFang SC'; font-size: medium; font-variant-ligatures: normal; font-variant-caps: normal; font-weight: 400; letter-spacing: normal; orphans: 2; text-align: start; text-indent: 0px; text-transform: none; white-space: normal; widows: 2; word-spacing: 0px; -webkit-text-stroke-width: 0px; text-decoration-style: initial; text-decoration-color: initial;"">k</em>. Hartigan's procedure gives us a lever. At each stage of Hartigan's method, we compute the sum-of-squares within groups over all variables (sum of squared deviations of each point from its centroid on every dimension). This sum of squares should decline as we add new clusters; indeed, it would be zero if we made every point a cluster. So we look for the reduction in sum of squares at each step and stop adding clusters when this reduction is negligible.   ... look for a proportional reduction in error (PRE) of about .4 or better to justify a split. PRE is the ratio of reduction in sum of squares to the previous sum of squares.<br /></span></p> <p> </p> <p><span style=""color: #000000; font-family: 'PingFang SC'; font-size: medium; font-style: normal; font-variant-ligatures: normal; font-variant-caps: normal; font-weight: 400; letter-spacing: normal; orphans: 2; text-align: start; text-indent: 0px; text-transform: none; white-space: normal; widows: 2; word-spacing: 0px; -webkit-text-stroke-width: 0px; text-decoration-style: initial; text-decoration-color: initial; display: inline !important; float: none;"">3.separating convex clusters    <br /></span></p>","/Users/ewenne/Zotero/storage/RXHHLJI5/cluster.html","","","","","","","","","","","","","","","","","","","","","","","","","","","","","","","","","","","","","","","","","","","","","","","","",""
"RQ4DBB5T","computerProgram","","Zhang, Yuwen","Assignment 3 Part I","","","","","","","","2017-12-12 05:58:30","2017-12-12 06:01:14","","","","","","","","","","","","","","","","","","","","","","","","/Users/ewenne/Zotero/storage/HIAHNDXA/assignment_3_yuwen.Rmd","","","","","","","","","","","","","","","","","","","","","","","","","","","","","","","","","","","","","","","","","","","","","","","","",""
"EQHT38RB","webpage","2017","","Chapter 5","Society for Learning Analytics Research (SoLAR)","","","","https://solaresearch.org/hla-17/hla17-chapter5/","Handbook of Learning Analytics First Edition Predictive Modelling in Teaching and Learning Christopher Brooks & Craig Thompson Download Chapter Download Book Abstract This article describes the…","2017-05-10","2017-12-19 08:10:07","2017-12-19 08:10:07","2017-12-19 08:10:07","","","","","","","","","","","","","","","","","","","","","","<p>predictive modelling:</p> <p>the purpose is to create a model that will predict the values</p> <p> </p> <p>explanatory modelling:</p> <p>the intent of these explanations is generally to be causal</p> <p> </p> <p>The largest methodological difference between the two modelling approaches is in how they address the issue of generalizability</p> <p> </p> <p> </p> <p>Linear Regression</p> <p>Logistic Regression</p> <p>Nearest Neighbours Classifiers</p> <p>Decision Trees</p> <p>Naïve Bayes Classifiers</p> <p>Bayesian Networks</p> <p>Support Vector Machines</p> <p>Neural Networks</p> <p>Ensemble Methods</p>","/Users/ewenne/Zotero/storage/3CJRZ2PU/hla17-chapter5.html","","","","","","","","","","","","","","","","","","","","","","","","","","","","","","","","","","","","","","","","","","","","","","","","",""
"SJHZAS4V","videoRecording","","ColumbiaLearn","Big Data in Education 1.1 Introduction","","","","","https://www.youtube.com/watch?v=dc5Nx3tyR8g&feature=youtu.be","","","2017-12-19 08:23:53","2017-12-19 08:23:53","2017-12-19 08:23:52","","","","","","","","","","","","","","","","","","","YouTube","","","<p>type of edm/la method:</p> <p>1, prediction</p> <p>-classification</p> <p>-regression</p> <p>-latent knowledge estimation</p> <p>2, structure discovery</p> <p>-clustering</p> <p>-factor analysis</p> <p>-domain structure discovery</p> <p>-network analysis</p> <p>3, relationship mining</p> <p>-association rule mining</p> <p>-correlation mining</p> <p>-</p>","","","","","","","","","","","","","","","","","","","","","","","","","417 seconds","","","","","","","","","","","","","","","","","","","","","","","","",""
"UCYIL3FU","videoRecording","","Udacity","Cross Validation","","","","","https://www.youtube.com/watch?v=sFO2ff-gTh0&feature=youtu.be","","","2017-12-19 08:49:19","2017-12-19 08:49:19","2017-12-19 08:49:19","","","","","","","","","","","","","","","","","","","YouTube","","","<p>Generalize</p> <p>representative</p> <p>from the same distribution</p> <p>fundamental assumption</p> <p> </p> <p>take some of the training data</p> <p> </p> <p>fold   sheep?????</p> <p>use some of the data as test set</p> <p> </p> <p>pick the average one</p> <p> </p>","","","","computer science; Georgia Tech; machine learning; Udacity; supervised learning","","","","","","","","","","","","","","","","","","","","","367 seconds","","","","","","","","","","","","","","","","","","","","","","","","",""
"YPMRALAP","videoRecording","","ColumbiaLearn","Big Data in Education 2.2 Diagnostic Metrics Part 1","","","","","https://www.youtube.com/watch?v=fGMFYTHhcHg&feature=youtu.be","","","2017-12-19 08:56:48","2017-12-19 08:56:48","2017-12-19 08:56:47","","","","","","","","","","","","","","","","","","","YouTube","","","<p>accuracy:</p> <p>poor when non-even assignment to categories</p> <p> </p> <p>Kappa:</p> <p>0 maybe agreement is at chance</p> <p>1 maybe perfect</p> <p>-1 maybe perfectly inverse</p> <p>&gt;1 maybe somewhere mess up</p> <p>&lt;0 super bad, rare</p> <p>0&lt;Kappa&lt;1 hard to say</p> <p> </p>","","","","","","","","","","","","","","","","","","","","","","","","","517 seconds","","","","","","","","","","","","","","","","","","","","","","","","",""
"XIURN7A3","videoRecording","","ColumbiaLearn","Big Data in Education 2.5 Cross-Validation and Over-Fitting","","","","","https://www.youtube.com/watch?v=1P34cxpEdKA&feature=youtu.be","","","2017-12-19 08:58:29","2017-12-19 08:58:29","2017-12-19 08:58:29","","","","","","","","","","","","","","","","","","","YouTube","","","<p>over-fitting: both noise and signal</p> <p>reduce? simple</p> <p> </p> <p> </p> <p>K-fold better than leave-out-one</p> <p> </p> <p>flat cross validation   v.s.</p> <p>stratified cross-validation</p>","","","","","","","","","","","","","","","","","","","","","","","","","419 seconds","","","","","","","","","","","","","","","","","","","","","","","","",""
"7VAD2T3C","videoRecording","","ColumbiaLearn","Big Data in Education 2.4 Diagnostic Metrics: Correlation","","","","","https://www.youtube.com/watch?v=7r3hfJW1gz0&feature=youtu.be","","","2017-12-19 10:01:00","2017-12-19 10:01:00","2017-12-19 10:01:00","","","","","","","Big Data in Education 2.4 Diagnostic Metrics","","","","","","","","","","","","YouTube","","","<p>linear correlation</p> <p> </p> <p>physics -- 0.8 is weak</p> <p>education -- 0.3 is good</p> <p> </p> <p> </p> <p>MAD</p> <p>RMSE</p> <p>low MAD/RMSE is good</p> <p>high correlation is good</p> <p> </p> <p>AIC BIC</p> <p> </p>","","","","","","","","","","","","","","","","","","","","","","","","","519 seconds","","","","","","","","","","","","","","","","","","","","","","","","",""
"NZHFNWJM","videoRecording","","ColumbiaLearn","Big Data in Education 2.3  Diagnostic Metrics Part 2","","","","","https://www.youtube.com/watch?v=9PDwRdyb6Sw&feature=youtu.be","","","2017-12-19 10:14:43","2017-12-19 10:14:43","2017-12-19 10:14:43","","","","","","","","","","","","","","","","","","","YouTube","","","<p>ROC:</p> <p>1, 2 values</p> <p>2, out put real value</p> <p> </p> <p>threshold</p> <p> </p> <p>A'   complication</p> <p> </p> <p>AUC</p>","","","","","","","","","","","","","","","","","","","","","","","","","723 seconds","","","","","","","","","","","","","","","","","","","","","","","","",""